# Source mesh/MergedMeshLod0_NPC_Crowd_Snezhnaya_Girl_Standard_Body002_Hair205_Vila_Druzhna01_01_Item_FurHat01_VilaWings_761.obj sha256=0bf32f4544e09595a8124ca510228fad59588fae7461f49393bd27e0b3a7ef34
# Source mesh/MergedMeshLod0_NPC_Crowd_Snezhnaya_Girl_Standard_Body002_Hair210_Vila_Druzhna01_01_Item_FurHat01_VilaWings_762.obj sha256=1f8a1f19ff40eb19a168c2334e1ae4c8345a6b3b6911e4fb48fb7a494086fb91
# Source mesh/MergedMeshLod0_NPC_Crowd_Snezhnaya_Girl_Standard_Body002_Hair213_Vila_Druzhna01_01_Item_FurHat01_VilaWings_763.obj sha256=489ebee65800061bfb3fdd46c3564b58c89c075eb1772af4497df1da7a4b3c24
# Residual de triangulos originales; sin transformar posiciones, UV ni normales.
g OriginalResidual
v 0.024820816 1.4106436 0.107646495
v 0.027910331 1.4130192 0.10794209
v 0.028865222 1.4121276 0.105577
v 0.025015688 1.4094115 0.10563641
v 0.03192103 1.4147216 0.1075882
v 0.022403317 1.408438 0.107494384
v 0.02306343 1.4067906 0.10553016
v 0.024521133 1.4046463 0.1038858
v 0.026816431 1.4066522 0.103910655
v 0.022559593 1.4044027 0.10471362
v 0.033897493 1.4139407 0.104544275
v 0.03730657 1.4164535 0.10693724
v 0.03920057 1.4151775 0.10369245
v 0.04040587 1.4170142 0.106269546
v 0.04646837 1.4178882 0.10446833
v 0.045623206 1.4157437 0.10138571
v 0.052098464 1.4173167 0.101558805
v 0.050999474 1.4156299 0.09884363
v 0.057037253 1.4166145 0.09844757
v 0.056100443 1.4152646 0.095922746
v 0.061943304 1.4161164 0.09556038
v 0.06087894 1.4141623 0.09242208
v 0.06527199 1.4159571 0.093602076
v 0.06521375 1.4150555 0.09203367
v 0.062893234 1.412327 0.09007827
v 0.06876321 1.4163077 0.09213172
v 0.06662308 1.4142728 0.09103751
v 0.06486527 1.4124196 0.090098865
v 0.06379351 1.4102434 0.088359214
v 0.0665169 1.4122709 0.08957224
v 0.06681984 1.411473 0.089048915
v 0.06849864 1.4122108 0.089315295
v 0.06725581 1.4102799 0.088709876
v 0.06576669 1.4079155 0.08855556
v 0.06337852 1.4077829 0.08840492
v 0.06366606 1.4043208 0.088722035
v 0.06252661 1.4046719 0.08844553
v 0.06136113 1.4006598 0.08945357
v 0.06075718 1.4007411 0.089254774
v 0.058665812 1.3975497 0.090489194
v 0.02355225 1.403402 0.10437497
v 0.024521133 1.4046463 0.1038858
v 0.024749178 1.4045508 0.10459754
v 0.023400035 1.403431 0.10391132
v 0.026816431 1.4066522 0.103910655
v 0.027096955 1.4064813 0.1049211
v 0.02213078 1.4018843 0.10408037
v 0.030253943 1.4086329 0.103817776
v 0.030460438 1.408381 0.10494888
v 0.034840357 1.4097162 0.10449609
v 0.034656223 1.4099672 0.10330749
v 0.04000538 1.4103886 0.1033204
v 0.039770585 1.4107293 0.10218542
v 0.04505618 1.4107577 0.10162345
v 0.04477467 1.4111023 0.10042412
v 0.050271943 1.4107556 0.09931914
v 0.049897693 1.4111367 0.09818649
v 0.05516882 1.410486 0.096622944
v 0.05472916 1.4108998 0.09558063
v 0.058940314 1.4097471 0.09395128
v 0.05860023 1.410191 0.09294279
v 0.061443232 1.4079208 0.09159347
v 0.06132486 1.4080931 0.090457
v 0.061142415 1.4051896 0.09093274
v 0.06106784 1.405395 0.08990646
v 0.059766214 1.4016584 0.09018705
v 0.059847496 1.4015712 0.09100245
v 0.057885487 1.3981868 0.09102586
v 0.057994574 1.3981296 0.091498256
v 0.055664957 1.3946465 0.09193952
v 0.027910331 1.4130192 0.10794209
v 0.025013633 1.4104245 0.10861066
v 0.028150788 1.4126898 0.109255776
v 0.024820816 1.4106436 0.107646495
v 0.022494702 1.408136 0.10797437
v 0.022403317 1.408438 0.107494384
v 0.03192103 1.4147216 0.1075882
v 0.032074895 1.4143494 0.1093854
v 0.020601513 1.4061464 0.10728656
v 0.03510362 1.4153982 0.109253556
v 0.03730657 1.4164535 0.10693724
v 0.04040587 1.4170142 0.106269546
v 0.038611174 1.4161112 0.10889357
v 0.040625304 1.4165254 0.108507596
v 0.03730657 1.4164535 0.10693724
v 0.046812847 1.4174461 0.10664262
v 0.04646837 1.4178882 0.10446833
v 0.05223084 1.4169111 0.10374015
v 0.052098464 1.4173167 0.101558805
v 0.057272065 1.4161781 0.10063591
v 0.057037253 1.4166145 0.09844757
v 0.06209908 1.4157505 0.097353645
v 0.061943304 1.4161164 0.09556038
v 0.065501496 1.4157584 0.094733715
v 0.06527199 1.4159571 0.093602076
v 0.06876321 1.4163077 0.09213172
v 0.06069112 1.4011775 0.090412244
v 0.057994574 1.3981296 0.091498256
v 0.059136637 1.3974863 0.09094821
v 0.06166719 1.4005971 0.09001662
v 0.055664957 1.3946465 0.09193952
v 0.059847496 1.4015712 0.09100245
v 0.061142415 1.4051896 0.09093274
v 0.062483165 1.4048021 0.090159535
v 0.063939214 1.4043901 0.089444
v 0.063788734 1.4077652 0.09029487
v 0.065765426 1.4077624 0.0893735
v 0.065107495 1.4098915 0.090224855
v 0.063264705 1.4099143 0.09134674
v 0.061443232 1.4079208 0.09159347
v 0.058940314 1.4097471 0.09395128
v 0.06208749 1.4126165 0.09451912
v 0.058735207 1.4132477 0.097445674
v 0.05516882 1.410486 0.096622944
v 0.057272065 1.4161781 0.10063591
v 0.050271943 1.4107556 0.09931914
v 0.05223084 1.4169111 0.10374015
v 0.04505618 1.4107577 0.10162345
v 0.046812847 1.4174461 0.10664262
v 0.06495741 1.4118848 0.09105803
v 0.06561242 1.4146322 0.09339465
v 0.06690718 1.4140579 0.09181902
v 0.06876321 1.4163077 0.09213172
v 0.065501496 1.4157584 0.094733715
v 0.06209908 1.4157505 0.097353645
v 0.040625304 1.4165254 0.108507596
v 0.04000538 1.4103886 0.1033204
v 0.038611174 1.4161112 0.10889357
v 0.034840357 1.4097162 0.10449609
v 0.03714477 1.4156462 0.109497175
v 0.03510362 1.4153982 0.109253556
v 0.032074895 1.4143494 0.1093854
v 0.030460438 1.408381 0.10494888
v 0.028150788 1.4126898 0.109255776
v 0.025013633 1.4104245 0.10861066
v 0.027096955 1.4064813 0.1049211
v 0.023263033 1.4065518 0.106389314
v 0.022494702 1.408136 0.10797437
v 0.020601513 1.4061464 0.10728656
v 0.024749178 1.4045508 0.10459754
v 0.022603014 1.4042588 0.10527429
v 0.02355225 1.403402 0.10437497
v 0.02213078 1.4018843 0.10408037
v 0.036300965 1.4171939 0.11003669
v 0.037546445 1.4172343 0.11023212
v 0.037017293 1.4187169 0.11068414
v 0.037717585 1.4186709 0.11080573
v 0.038587045 1.4175884 0.109756954
v 0.03832587 1.4188998 0.11050829
v 0.03765433 1.4206026 0.111384355
v 0.06366606 1.4043208 0.088722035
v 0.06166719 1.4005971 0.09001662
v 0.06136113 1.4006598 0.08945357
v 0.063939214 1.4043901 0.089444
v 0.059136637 1.3974863 0.09094821
v 0.058665812 1.3975497 0.090489194
v 0.055664957 1.3946465 0.09193952
v 0.06576669 1.4079155 0.08855556
v 0.065765426 1.4077624 0.0893735
v 0.067282476 1.4102268 0.08933646
v 0.06725581 1.4102799 0.088709876
v 0.06849864 1.4122108 0.089315295
v 0.02306343 1.4067906 0.10553016
v 0.023263033 1.4065518 0.106389314
v 0.020601513 1.4061464 0.10728656
v 0.022603014 1.4042588 0.10527429
v 0.02306343 1.4067906 0.10553016
v 0.022559593 1.4044027 0.10471362
v 0.023263033 1.4065518 0.106389314
v 0.02213078 1.4018843 0.10408037
v 0.020601513 1.4061464 0.10728656
v 0.023400035 1.403431 0.10391132
v 0.02213078 1.4018843 0.10408037
v 0.06680571 1.4110593 0.08978138
v 0.067282476 1.4102268 0.08933646
v 0.06849864 1.4122108 0.089315295
v 0.06657675 1.4118702 0.09013818
v 0.06662308 1.4142728 0.09103751
v 0.06876321 1.4163077 0.09213172
v 0.06690718 1.4140579 0.09181902
v 0.06495741 1.4118848 0.09105803
v 0.06486527 1.4124196 0.090098865
v 0.06657675 1.4118702 0.09013818
v 0.06849864 1.4122108 0.089315295
v 0.0665169 1.4122709 0.08957224
v 0.06486527 1.4124196 0.090098865
v 0.06495741 1.4118848 0.09105803
v 0.037500672 1.4190499 0.109970465
v 0.038587045 1.4175884 0.109756954
v 0.037398342 1.4178059 0.10861668
v 0.03832587 1.4188998 0.11050829
v 0.03765433 1.4206026 0.111384355
v 0.038611174 1.4161112 0.10889357
v 0.03730657 1.4164535 0.10693724
v 0.036300965 1.4171939 0.11003669
v 0.037500672 1.4190499 0.109970465
v 0.037398342 1.4178059 0.10861668
v 0.037017293 1.4187169 0.11068414
v 0.03765433 1.4206026 0.111384355
v 0.03730657 1.4164535 0.10693724
v 0.03510362 1.4153982 0.109253556
v -0.027910331 1.4130192 0.10794209
v -0.024820816 1.4106436 0.107646495
v -0.028865222 1.4121276 0.105577
v -0.025015688 1.4094115 0.10563641
v -0.03192103 1.4147216 0.1075882
v -0.022403317 1.408438 0.107494384
v -0.02306343 1.4067906 0.10553016
v -0.024521133 1.4046463 0.1038858
v -0.026816431 1.4066522 0.103910655
v -0.022559593 1.4044027 0.10471362
v -0.033897493 1.4139407 0.104544275
v -0.037306365 1.4164474 0.10693607
v -0.03920057 1.4151775 0.10369245
v -0.04040587 1.4170142 0.106269546
v -0.04646837 1.4178882 0.10446833
v -0.045623206 1.4157437 0.10138571
v -0.052098464 1.4173167 0.101558805
v -0.050999474 1.4156299 0.09884363
v -0.057037253 1.4166145 0.09844757
v -0.056100443 1.4152646 0.095922746
v -0.061943304 1.4161165 0.09556038
v -0.060878932 1.4141623 0.09242208
v -0.06527199 1.4159573 0.093602076
v -0.06521375 1.4150555 0.09203367
v -0.062893234 1.412327 0.09007827
v -0.06876322 1.4163077 0.09213172
v -0.066623084 1.4142728 0.09103751
v -0.064865276 1.4124196 0.090098865
v -0.06379351 1.4102434 0.088359214
v -0.0665169 1.4122709 0.08957224
v -0.06681984 1.411473 0.089048915
v -0.06849864 1.4122108 0.089315295
v -0.06725581 1.4102799 0.088709876
v -0.065766685 1.4079155 0.08855556
v -0.06337852 1.4077829 0.08840492
v -0.06366605 1.4043208 0.088722035
v -0.06252661 1.4046719 0.08844553
v -0.06136112 1.4006598 0.08945358
v -0.06075718 1.4007411 0.089254774
v -0.058665812 1.3975497 0.090489194
v -0.02355225 1.403402 0.10437497
v -0.024521133 1.4046463 0.1038858
v -0.023400035 1.403431 0.10391132
v -0.024749178 1.4045508 0.10459754
v -0.026816431 1.4066522 0.103910655
v -0.027096955 1.4064813 0.1049211
v -0.02213078 1.4018843 0.10408037
v -0.030253943 1.4086329 0.103817776
v -0.030460438 1.408381 0.10494888
v -0.034840357 1.4097162 0.10449609
v -0.034656223 1.4099672 0.10330749
v -0.04000538 1.4103886 0.1033204
v -0.039770585 1.4107293 0.10218542
v -0.04505618 1.4107577 0.10162345
v -0.04477467 1.4111023 0.10042412
v -0.050271895 1.4107556 0.09931913
v -0.049897693 1.4111367 0.09818649
v -0.05516882 1.410486 0.096622944
v -0.05472916 1.4108998 0.09558063
v -0.058940314 1.4097471 0.09395128
v -0.058600232 1.410191 0.09294279
v -0.06144323 1.4079208 0.09159347
v -0.06132487 1.4080931 0.090457
v -0.061142426 1.4051896 0.09093273
v -0.061067846 1.405395 0.089906484
v -0.059766214 1.4016584 0.09018706
v -0.059847496 1.4015712 0.09100245
v -0.05788548 1.3981868 0.09102586
v -0.05799457 1.3981296 0.09149827
v -0.055664953 1.3946465 0.09193952
v -0.025013633 1.4104245 0.10861066
v -0.027910331 1.4130192 0.10794209
v -0.028150788 1.4126898 0.109255776
v -0.024820816 1.4106436 0.107646495
v -0.022494702 1.408136 0.10797437
v -0.022403317 1.408438 0.107494384
v -0.03192103 1.4147216 0.1075882
v -0.032074895 1.4143494 0.1093854
v -0.020601513 1.4061464 0.10728656
v -0.03510362 1.4153982 0.109253556
v -0.037306365 1.4164474 0.10693607
v -0.04040587 1.4170142 0.106269546
v -0.038611162 1.416111 0.10889348
v -0.037306365 1.4164474 0.10693607
v -0.040625304 1.4165254 0.108507596
v -0.046812847 1.4174461 0.10664262
v -0.04646837 1.4178882 0.10446833
v -0.05223084 1.4169111 0.10374015
v -0.052098464 1.4173167 0.101558805
v -0.057272065 1.4161781 0.10063591
v -0.057037253 1.4166145 0.09844757
v -0.06209908 1.4157505 0.097353645
v -0.061943304 1.4161165 0.09556038
v -0.0655015 1.4157584 0.094733715
v -0.06527199 1.4159573 0.093602076
v -0.06876322 1.4163077 0.09213172
v -0.05799457 1.3981296 0.09149827
v -0.06069112 1.4011775 0.090412244
v -0.05913171 1.3974773 0.09095023
v -0.06166716 1.4005971 0.09001662
v -0.055664953 1.3946465 0.09193952
v -0.059847496 1.4015712 0.09100245
v -0.061142426 1.4051896 0.09093273
v -0.062483177 1.4048022 0.09015953
v -0.063939214 1.4043902 0.089444
v -0.063788734 1.4077652 0.09029487
v -0.06576541 1.4077624 0.0893735
v -0.065107495 1.4098915 0.090224855
v -0.06326471 1.4099143 0.09134675
v -0.06144323 1.4079208 0.09159347
v -0.058940314 1.4097471 0.09395128
v -0.06208749 1.4126165 0.09451912
v -0.058735203 1.4132477 0.097445674
v -0.05516882 1.410486 0.096622944
v -0.057272065 1.4161781 0.10063591
v -0.050271895 1.4107556 0.09931913
v -0.05223084 1.4169111 0.10374015
v -0.04505618 1.4107577 0.10162345
v -0.046812847 1.4174461 0.10664262
v -0.06495741 1.4118848 0.09105803
v -0.06561243 1.4146322 0.09339465
v -0.06690718 1.4140579 0.09181902
v -0.06876322 1.4163077 0.09213172
v -0.0655015 1.4157584 0.094733715
v -0.06209908 1.4157505 0.097353645
v -0.040625304 1.4165254 0.108507596
v -0.04000538 1.4103886 0.1033204
v -0.038611162 1.416111 0.10889348
v -0.034840357 1.4097162 0.10449609
v -0.037144583 1.4156405 0.1094961
v -0.03510362 1.4153982 0.109253556
v -0.032074895 1.4143494 0.1093854
v -0.030460438 1.408381 0.10494888
v -0.028150788 1.4126898 0.109255776
v -0.025013633 1.4104245 0.10861066
v -0.027096955 1.4064813 0.1049211
v -0.023263033 1.4065518 0.106389314
v -0.022494702 1.408136 0.10797437
v -0.020601513 1.4061464 0.10728656
v -0.024749178 1.4045508 0.10459754
v -0.022603014 1.4042588 0.10527429
v -0.02355225 1.403402 0.10437497
v -0.02213078 1.4018843 0.10408037
v -0.036300965 1.4171939 0.11003669
v -0.037546292 1.4172299 0.110231265
v -0.037017018 1.4187086 0.1106826
v -0.037717476 1.4186677 0.11080512
v -0.038587023 1.4175878 0.10975684
v -0.038325835 1.4188989 0.11050811
v -0.037654262 1.4206005 0.11138399
v -0.06366605 1.4043208 0.088722035
v -0.06166716 1.4005971 0.09001662
v -0.063939214 1.4043902 0.089444
v -0.06136112 1.4006598 0.08945358
v -0.05913171 1.3974773 0.09095023
v -0.058665812 1.3975497 0.090489194
v -0.055664953 1.3946465 0.09193952
v -0.065766685 1.4079155 0.08855556
v -0.06576541 1.4077624 0.0893735
v -0.067282476 1.4102268 0.08933646
v -0.06725581 1.4102799 0.088709876
v -0.06849864 1.4122108 0.089315295
v -0.023263033 1.4065518 0.106389314
v -0.02306343 1.4067906 0.10553016
v -0.020601513 1.4061464 0.10728656
v -0.022603014 1.4042588 0.10527429
v -0.02306343 1.4067906 0.10553016
v -0.023263033 1.4065518 0.106389314
v -0.022559593 1.4044027 0.10471362
v -0.02213078 1.4018843 0.10408037
v -0.020601513 1.4061464 0.10728656
v -0.02213078 1.4018843 0.10408037
v -0.023400035 1.403431 0.10391132
v -0.067282476 1.4102268 0.08933646
v -0.06680571 1.4110593 0.08978138
v -0.06849864 1.4122108 0.089315295
v -0.06657675 1.4118702 0.09013818
v -0.06876322 1.4163077 0.09213172
v -0.066623084 1.4142728 0.09103751
v -0.06690718 1.4140579 0.09181902
v -0.06495741 1.4118848 0.09105803
v -0.064865276 1.4124196 0.090098865
v -0.06849864 1.4122108 0.089315295
v -0.06657675 1.4118702 0.09013818
v -0.0665169 1.4122709 0.08957224
v -0.064865276 1.4124196 0.090098865
v -0.06495741 1.4118848 0.09105803
v -0.0375005 1.4190446 0.10996949
v -0.038587023 1.4175878 0.10975684
v -0.038325835 1.4188989 0.11050811
v -0.03739812 1.417799 0.10861538
v -0.037654262 1.4206005 0.11138399
v -0.038611162 1.416111 0.10889348
v -0.037306365 1.4164474 0.10693607
v -0.0375005 1.4190446 0.10996949
v -0.036300965 1.4171939 0.11003669
v -0.03739812 1.417799 0.10861538
v -0.037017018 1.4187086 0.1106826
v -0.037654262 1.4206005 0.11138399
v -0.037306365 1.4164474 0.10693607
v -0.03510362 1.4153982 0.109253556
v -0.004651694 1.3415598 0.11380519
v -0.008940067 1.3465666 0.11192407
v -0.009116664 1.3416145 0.1117611
v -0.004544091 1.3467348 0.113917165
v -0.011584105 1.3418639 0.10813088
v -0.01147129 1.347027 0.108159915
v 0 1.3466482 0.11446426
v 0 1.3415179 0.11441575
v -0.012708588 1.3419691 0.10294049
v -0.012689156 1.3473641 0.10282911
v -0.008333945 1.3467791 0.11115937
v -0.010510173 1.3471272 0.10748599
v -0.010473843 1.3421216 0.10740104
v -0.008419471 1.3418928 0.110727206
v -0.0042958832 1.3468994 0.11291359
v -0.004370737 1.3418379 0.11257606
v -0.0113146445 1.3422194 0.102407806
v -0.011395549 1.3475101 0.10234388
v 0 1.3466935 0.11337272
v 0 1.3417982 0.11306606
v 0.004651694 1.3415598 0.11380519
v 0.004544091 1.3467348 0.113917165
v 0.008940067 1.3465666 0.11192407
v 0.009116664 1.3416145 0.1117611
v 0.011584105 1.3418639 0.10813088
v 0.01147129 1.347027 0.108159915
v 0.012708588 1.3419691 0.10294049
v 0.012689156 1.3473641 0.10282911
v 0.008333945 1.3467791 0.11115937
v 0.010510173 1.3471272 0.10748599
v 0.010473843 1.3421216 0.10740104
v 0.008419471 1.3418928 0.110727206
v 0.0042958832 1.3468994 0.11291359
v 0.004370737 1.3418379 0.11257606
v 0.0113146445 1.3422194 0.102407806
v 0.011395549 1.3475101 0.10234388
v -0.00885097 1.3449496 0.08939988
v 1.8626451e-11 1.343392 0.0937627
v -0.010410242 1.3449076 0.09526401
v 1.8626451e-11 1.3439497 0.08773174
v -0.009886456 1.3467238 0.08885251
v -0.01210309 1.3469316 0.095329225
v -0.010085749 1.344968 0.10225385
v -0.011703691 1.346992 0.10244727
v -0.009663047 1.3469447 0.10772508
v -0.008519969 1.3451093 0.107554965
v 1.8626451e-11 1.3436651 0.10139166
v 1.8626451e-11 1.3439355 0.107526764
v -0.006075382 1.3468448 0.11170889
v -0.0056231213 1.3451222 0.111162335
v 1.8626451e-11 1.3467764 0.11322512
v 1.8626451e-11 1.3446189 0.11184581
v 0.00885097 1.3449496 0.08939988
v 0.010410242 1.3449076 0.09526401
v 0.008519969 1.3451093 0.107554965
v 0.010085749 1.344968 0.10225385
v 0.0056231213 1.3451222 0.111162335
v 0.006075382 1.3468448 0.11170889
v 0.009663047 1.3469447 0.10772508
v 0.009886456 1.3467238 0.08885251
v 0.01210309 1.3469316 0.095329225
v 0.011703691 1.346992 0.10244727
v -0.0055232905 1.3482853 0.11077957
v -0.006075382 1.3468448 0.11170889
v 1.8626451e-11 1.348414 0.111567274
v 1.8626451e-11 1.3490851 0.10728105
v -0.008311119 1.3484433 0.10711706
v 1.8626451e-11 1.3493425 0.10115702
v -0.00986588 1.3486898 0.10179156
v -0.011703691 1.346992 0.10244727
v -0.009663047 1.3469447 0.10772508
v -0.01210309 1.3469316 0.095329225
v -0.010161018 1.3485556 0.09480206
v -0.009886456 1.3467238 0.08885251
v -0.00867712 1.3480736 0.089129806
v 1.8626451e-11 1.3490936 0.093631856
v 1.8626451e-11 1.3477887 0.087769344
v 0.0055232905 1.3482853 0.11077957
v 0.008311119 1.3484433 0.10711706
v 0.00867712 1.3480736 0.089129806
v 0.010161018 1.3485556 0.09480206
v 0.009886456 1.3467238 0.08885251
v 0.01210309 1.3469316 0.095329225
v 0.00986588 1.3486898 0.10179156
v 0.011703691 1.346992 0.10244727
v 0.009663047 1.3469447 0.10772508
v 0.006075382 1.3468448 0.11170889
v -0.008910332 1.3467205 0.11190212
v -0.0048019406 1.3516722 0.11395823
v -0.009411792 1.3517174 0.11180576
v -0.004558649 1.3465675 0.11398379
v -0.011483503 1.3468246 0.10822626
v -0.011853914 1.3519139 0.10798582
v 1.8626451e-11 1.3516396 0.1146289
v 1.8626451e-11 1.3465892 0.11457818
v -0.012739324 1.3472906 0.10254701
v -0.0130053945 1.3522444 0.10246564
v -0.008289475 1.3470057 0.11105987
v -0.01060584 1.3471979 0.10754242
v -0.008566818 1.3518505 0.11071288
v -0.0107520195 1.3521417 0.107393235
v -0.004440379 1.3517759 0.11279495
v -0.0043217847 1.346688 0.11301046
v -0.011395549 1.3475101 0.10234388
v -0.011594705 1.3523936 0.10185006
v 1.8626451e-11 1.3466198 0.113466404
v 1.8626451e-11 1.3517147 0.11346934
v 0.004558649 1.3465675 0.11398379
v 0.0048019406 1.3516722 0.11395823
v 0.008910332 1.3467205 0.11190212
v 0.009411792 1.3517174 0.11180576
v 0.011483503 1.3468246 0.10822626
v 0.011853914 1.3519139 0.10798582
v 0.012739324 1.3472906 0.10254701
v 0.0130053945 1.3522444 0.10246564
v 0.008289475 1.3470057 0.11105987
v 0.01060584 1.3471979 0.10754242
v 0.008566818 1.3518505 0.11071288
v 0.0107520195 1.3521417 0.107393235
v 0.004440379 1.3517759 0.11279495
v 0.0043217847 1.346688 0.11301046
v 0.011395549 1.3475101 0.10234388
v 0.011594705 1.3523936 0.10185006
v 0.021172294 1.4339223 0.11964791
v 0.020615999 1.4298615 0.11892699
v 0.028377065 1.432488 0.11707164
v 0.024620945 1.4358948 0.11900137
v 0.029017808 1.4372876 0.11764664
v 0.035364565 1.4343573 0.114974044
v 0.035231154 1.4381166 0.1153943
v 0.04267437 1.4357234 0.11189934
v 0.042686414 1.438679 0.112055555
v 0.04914185 1.4361731 0.108442836
v 0.049317688 1.4388646 0.10845792
v 0.055748027 1.4363612 0.10408453
v 0.056066096 1.438212 0.103974134
v 0.061813843 1.4361752 0.09866779
v 0.019253058 1.4316865 0.119669504
v 0.017456787 1.4288446 0.11941491
v 0.02993038 1.4185513 0.10914028
v 0.033368357 1.4182818 0.108177386
v 0.03311125 1.4194561 0.108757816
v 0.030322937 1.4171458 0.10832117
v 0.026873266 1.417372 0.10942737
v 0.027413303 1.4156823 0.108348355
v 0.024030162 1.4153824 0.109267
v 0.02504348 1.4140341 0.10824007
v 0.02201606 1.4133117 0.108890586
v 0.022911908 1.4122747 0.10797897
v 0.0364212 1.4201193 0.10798638
v 0.03656577 1.4189821 0.10746708
v 0.03967513 1.4205663 0.1069461
v 0.039750945 1.4194237 0.106617
v 0.042994235 1.4196415 0.10539006
v 0.043195996 1.4208409 0.105585076
v 0.046275478 1.4196599 0.10388015
v 0.04648253 1.4208745 0.10413664
v 0.049303956 1.4195763 0.10241084
v 0.049615543 1.4207137 0.10250749
v 0.051980495 1.419395 0.10096959
v 0.05235843 1.4204346 0.10089925
v 0.054623745 1.4191155 0.09930482
v 0.054905687 1.4200333 0.09920155
v 0.0573165 1.4187319 0.09748646
v 0.057432164 1.419425 0.097419605
v 0.061702326 1.4184512 0.094306946
v 0.02129874 1.4121066 0.10855806
v 0.021714555 1.4109554 0.10775625
v 0.03287579 1.4204856 0.109366454
v 0.02993038 1.4185513 0.10914028
v 0.03311125 1.4194561 0.108757816
v 0.029584019 1.4199532 0.11005131
v 0.026873266 1.417372 0.10942737
v 0.026297247 1.4190631 0.110652655
v 0.02399778 1.4181737 0.11087436
v 0.024030162 1.4153824 0.109267
v 0.021729574 1.416844 0.11090218
v 0.02201606 1.4133117 0.108890586
v 0.019962983 1.4153725 0.110892214
v 0.036357343 1.4206433 0.108271904
v 0.0364212 1.4201193 0.10798638
v 0.03967513 1.4205663 0.1069461
v 0.018784625 1.4139811 0.11065939
v 0.02129874 1.4121066 0.10855806
v 0.018473685 1.4122463 0.110232934
v 0.019235412 1.4104685 0.1090341
v 0.021714555 1.4109554 0.10775625
v 0.020744357 1.4097264 0.10787045
v 0.044066608 1.376719 0.101976365
v 0.044414666 1.3817129 0.10026738
v 0.037408374 1.377686 0.104706064
v 0.036239706 1.3712728 0.10663952
v 0.02867901 1.3733642 0.10901839
v 0.043349583 1.3705243 0.102948256
v 0.034631457 1.3647286 0.10795809
v 0.025128117 1.3665501 0.1125566
v 0.042386837 1.3639641 0.10385654
v 0.050167393 1.3698262 0.0991083
v 0.050688222 1.3769718 0.098630235
v 0.030742424 1.3795904 0.10612072
v 0.03188581 1.3839078 0.10363056
v 0.03788164 1.3823494 0.10224792
v 0.032836486 1.3879364 0.10100889
v 0.038194306 1.3866117 0.09978468
v 0.044502664 1.3863721 0.09829862
v 0.038332377 1.3902119 0.09800061
v 0.044462536 1.3901291 0.09667783
v 0.03330829 1.3908982 0.09930093
v 0.04920786 1.3629483 0.0990086
v 0.028667685 1.3596147 0.11109326
v 0.021089545 1.3612497 0.11499481
v 0.040751703 1.3577044 0.10416232
v 0.046700988 1.3559009 0.09844267
v 0.05432954 1.3622131 0.09296796
v 0.05607902 1.369457 0.09378737
v 0.0613158 1.3689376 0.086092785
v 0.063646175 1.3764929 0.08453704
v 0.06353577 1.3686345 0.07862185
v 0.060512174 1.3608193 0.08049733
v 0.057634175 1.3614461 0.087815575
v 0.051615342 1.3536878 0.09032222
v 0.062527224 1.3604398 0.07197502
v 0.056471482 1.3511283 0.07581113
v 0.054663014 1.3523 0.083776884
v 0.05625438 1.3498164 0.066094734
v 0.06325342 1.3604755 0.0600494
v 0.06575928 1.361757 0.037195027
v 0.053356953 1.3444778 0.04733769
v 0.06886199 1.3760321 0.05441338
v 0.06585578 1.3686731 0.06969998
v 0.065642595 1.3764 0.07745061
v 0.06818642 1.3863176 0.07649145
v 0.06796099 1.3762482 0.067989424
v 0.07004309 1.3853681 0.067046456
v 0.072120756 1.3955108 0.06664499
v 0.07397992 1.3934847 0.051182322
v 0.07415746 1.3860075 0.034017943
v 0.07881419 1.4056561 0.032535892
v 0.0704276 1.3974849 0.075906426
v 0.06623414 1.3870361 0.082868025
v 0.06258177 1.3830414 0.08882901
v 0.06521379 1.3919972 0.08556977
v 0.06171963 1.3867385 0.08979094
v 0.06819252 1.3999298 0.08129244
v 0.056809224 1.379823 0.09452004
v 0.056838438 1.3768529 0.09444881
v 0.05656372 1.3834333 0.09439016
v 0.060193762 1.3765485 0.09103125
v 0.077857226 1.410091 0.048565857
v 0.08094794 1.4224511 0.027334955
v 0.073482946 1.404237 0.066642076
v 0.08085143 1.4361753 0.045046765
v 0.07728253 1.4294084 0.06763338
v 0.07780311 1.4479226 0.06201412
v 0.07496849 1.4116265 0.06710081
v 0.07425051 1.4210892 0.07652436
v 0.07235145 1.4387757 0.08295437
v 0.07184216 1.4577492 0.07612974
v 0.08298908 1.4389644 0.022179484
v 0.08067289 1.454329 0.03944217
v 0.076425664 1.4679917 0.053293798
v 0.07938465 1.4706286 0.032714322
v 0.074580416 1.4842536 0.04384055
v 0.07033615 1.4791826 0.06623718
v 0.06819179 1.4969879 0.055501256
v 0.06197537 1.487931 0.08069751
v 0.059984427 1.5059482 0.06703237
v 0.083406955 1.4524118 0.01646236
v 0.06304488 1.466142 0.089861065
v 0.06358039 1.445509 0.09498029
v 0.069498 1.4331993 0.08808433
v 0.046187453 1.5131896 0.07835012
v 0.04808418 1.4937513 0.093423605
v 0.031844515 1.5173217 0.088381395
v 0.033245962 1.4970169 0.10372252
v 0.015493459 1.5195619 0.094708905
v 0.016374173 1.4978517 0.11119925
v 5.1147767e-19 1.5202497 0.09836546
v -4.737174e-18 1.4982262 0.11424825
v 0.033793673 1.4702748 0.1125939
v 0.04884265 1.4699554 0.10251701
v 0.016724534 1.47013 0.12026341
v -4.9395624e-18 1.4686767 0.123510875
v 0.035014242 1.4456341 0.11520626
v 0.049426667 1.4472532 0.10718434
v 0.04902023 1.4390129 0.10746211
v 0.035408996 1.4369568 0.11427185
v 0.020972209 1.4332 0.11796648
v 0.015629115 1.4405229 0.12134949
v -1.1563494e-18 1.4395404 0.12527916
v 0.061843354 1.4375933 0.098093204
v 0.012238665 1.428796 0.12017836
v -1.2702148e-18 1.4291717 0.12368753
v 0.009310026 1.4193817 0.118386425
v -7.4235986e-18 1.4197067 0.12149733
v -1.7730414e-18 1.406653 0.118017115
v 0.006980858 1.4063886 0.115179606
v 0.01733099 1.4164622 0.11241331
v 0.024511758 1.4243556 0.11364707
v 0.023090366 1.4120233 0.107371
v 0.02750281 1.4156028 0.10758503
v 0.03279036 1.418018 0.107013024
v 0.028865222 1.4121276 0.105577
v 0.033897493 1.4139407 0.104544275
v 0.03676191 1.4282284 0.11088247
v 0.038474537 1.4192597 0.105747536
v 0.025015688 1.4094115 0.10563641
v 0.020179546 1.4083531 0.10666336
v 0.022555193 1.4063292 0.10513221
v 0.014063492 1.4048706 0.10910692
v 0.019231383 1.4033209 0.10563338
v 0.022637822 1.4019803 0.10319885
v 0.021526277 1.3976388 0.10385822
v 0.018155314 1.3970393 0.10616488
v 0.014012934 1.3965375 0.10937883
v 0.017809534 1.3879777 0.10808237
v 0.007605753 1.3916204 0.11487901
v 0.021626985 1.3906598 0.105107255
v 0.013677506 1.3814179 0.11364513
v 0.024204511 1.3935347 0.10304485
v 0.023787638 1.3984306 0.102263324
v 0.025982711 1.3953544 0.101400055
v 0.024239628 1.4047045 0.103710115
v 0.02480887 1.3821943 0.10703462
v 0.026617752 1.3862971 0.10451028
v 0.028074116 1.3899877 0.101988874
v 0.029125882 1.3924977 0.10036131
v 0.02213347 1.3766037 0.11077006
v 0.017685313 1.3694952 0.11548946
v 0.01024889 1.3738121 0.1194732
v 0.0055469177 1.3861281 0.11886141
v 0.012674584 1.3627745 0.119145855
v 0.006999006 1.3683546 0.1259161
v 0.004037232 1.3788675 0.12456164
v 0.0026304245 1.3733053 0.13312255
v 2.305205e-17 1.3753245 0.13379127
v -7.842405e-18 1.3805385 0.12646326
v 0.0021081208 1.370695 0.13253723
v 0.0034974765 1.3671335 0.12811053
v 0.005484401 1.3622181 0.12317304
v -5.8604642e-18 1.370091 0.13330448
v 1.9089598e-17 1.3660502 0.12996544
v -4.440892e-18 1.3620553 0.12520617
v 3.9970645e-18 1.3732553 0.13478783
v -1.8041123e-18 1.3871919 0.12047597
v 2.5453594e-18 1.3919811 0.118448876
v 0.0063129803 1.398013 0.114992045
v -4.5402658e-18 1.3982959 0.117596574
v 1.110223e-18 1.357702 0.12430209
v 0.0051124124 1.3573437 0.12266813
v 0.0044086487 1.3527088 0.12274764
v 0 1.3527968 0.12415294
v -4.440892e-18 1.3488982 0.120548435
v 0.004094465 1.3489572 0.119540125
v 0.008406241 1.3515148 0.120433055
v 0.010207438 1.3560666 0.12029503
v 0.011933622 1.349505 0.11709725
v 0.00764499 1.3485497 0.11805732
v 0.010917968 1.3477508 0.11543544
v 0.0074009495 1.3467662 0.11456282
v 0.010276818 1.3467087 0.11336439
v 0.015609779 1.3524537 0.11665
v 0.013403673 1.3470982 0.11333496
v 0.012626667 1.3466587 0.11232025
v -4.440892e-18 1.346792 0.116072945
v 0.003990143 1.3467908 0.11565154
v 0.015166202 1.3477275 0.1137159
v 0.019161271 1.3486848 0.1133885
v 0.02134078 1.354751 0.1141132
v 0.02505104 1.3502452 0.11142142
v 0.032110587 1.3528224 0.10829681
v 0.025672013 1.3449844 0.108651794
v 0.03308612 1.3452954 0.10408627
v 0.015290265 1.3466916 0.11271538
v 0.013750095 1.3466356 0.112510905
v 0.019891376 1.3458431 0.11173013
v 0.018376196 1.3426396 0.11070307
v 0.023760233 1.3397925 0.10705287
v 0.01452271 1.3455578 0.11212901
v 0.018316792 1.3349196 0.106910445
v 0.022700958 1.3303528 0.10170818
v 0.012133398 1.3239039 0.10496032
v 0.012518076 1.3205742 0.1011962
v 0.02549426 1.3284677 0.09581123
v 0.004472513 1.3166958 0.10575089
v 0.004489457 1.3206881 0.10838076
v -4.440892e-18 1.3199937 0.10939939
v -8.881784e-18 1.315893 0.106981106
v 1.110223e-18 1.3290683 0.11044489
v 0.0045609325 1.3291845 0.10982731
v 0.004503172 1.3360193 0.1118006
v 2.220446e-18 1.3358482 0.112403914
v 0.004310525 1.341276 0.11622967
v 2.220446e-18 1.3411125 0.116932444
v 0.008358834 1.3421296 0.1147565
v 0.009702838 1.337074 0.11071564
v 0.004174269 1.3441219 0.11649939
v -2.220446e-18 1.3441806 0.117083296
v 0 1.3467624 0.11582927
v 0.00401419 1.3467757 0.11546764
v 0.0115795275 1.3305489 0.1081263
v 0.014383602 1.3394337 0.11045661
v 0.011476106 1.3434849 0.113193244
v 0.010713148 1.3450246 0.11347315
v 0.007903379 1.344422 0.11495853
v 0.01018919 1.3467075 0.11331574
v 0.0074709062 1.3467442 0.11437554
v 0.012615742 1.3466859 0.11223377
v 0.013250932 1.3461854 0.11228103
v 0.013003692 1.3466619 0.11217374
v 0.062893234 1.412327 0.09007827
v 0.06379351 1.4102434 0.088359214
v 0.068545155 1.4163386 0.085598946
v 0.06736077 1.4094579 0.08472478
v 0.06299843 1.4174591 0.09183087
v 0.06660788 1.4251317 0.09061032
v 0.060878932 1.4141623 0.09242208
v 0.0571166 1.4185178 0.096212864
v 0.05979733 1.4283063 0.09831778
v 0.05190327 1.4192768 0.09975098
v 0.047965545 1.4297639 0.105900794
v 0.056100443 1.4152646 0.095922746
v 0.050999474 1.4156299 0.09884363
v 0.04633945 1.4197398 0.10269696
v 0.045623206 1.4157437 0.10138571
v 0.07147957 1.4261608 0.08433754
v 0.070766665 1.4153249 0.081286095
v 0.0731845 1.4133766 0.0761371
v 0.07176154 1.4061998 0.07549301
v 0.069633126 1.4080317 0.08067271
v 0.06631403 1.4028965 0.08501008
v 0.06348424 1.3972677 0.087778926
v 0.06374988 1.404255 0.0875415
v 0.06075718 1.4007411 0.089254774
v 0.058665812 1.3975497 0.090489194
v 0.06050119 1.3929781 0.09053363
v 0.056093644 1.3888555 0.09401122
v 0.055664957 1.3946465 0.09193952
v 0.053175673 1.3922272 0.0929553
v 0.050642893 1.3869963 0.096725345
v 0.050116863 1.3908246 0.094234064
v 0.05074666 1.3821844 0.0979644
v 0.028900668 1.392456 0.09946391
v 0.03330829 1.3908982 0.09930093
v 0.033245783 1.3908391 0.09831713
v 0.029125882 1.3924977 0.10036131
v 0.025982711 1.3953544 0.101400055
v 0.02561454 1.3954468 0.10049296
v 0.023787638 1.3984306 0.102263324
v 0.023425905 1.398539 0.10131024
v 0.022349799 1.4021287 0.10219899
v 0.022637822 1.4019803 0.10319885
v 0.02405503 1.4049369 0.10276254
v 0.024239628 1.4047045 0.103710115
v 0.038332377 1.3902119 0.09800061
v 0.038237005 1.3901738 0.097051635
v 0.044462536 1.3901291 0.09667783
v 0.04450398 1.3901469 0.09576771
v 0.050116863 1.3908246 0.094234064
v 0.050031688 1.3908056 0.0933432
v 0.053175673 1.3922272 0.0929553
v 0.053116243 1.3921865 0.09198701
v 0.055664957 1.3946465 0.09193952
v 0.055589855 1.3946118 0.091004424
v 0.026638255 1.4069691 0.102970265
v 0.02681643 1.4066522 0.103910655
v 0.030013377 1.4089619 0.10293967
v 0.030253943 1.4086329 0.103817776
v 0.034450997 1.4102287 0.10248861
v 0.034656223 1.4099672 0.10330749
v 0.039770585 1.4107293 0.10218542
v 0.03963699 1.410965 0.10130041
v 0.04477467 1.4111023 0.10042412
v 0.044558715 1.4113281 0.09955809
v 0.049897693 1.4111367 0.09818649
v 0.049580745 1.4114549 0.097313985
v 0.05472916 1.4108998 0.09558063
v 0.054290183 1.4112831 0.09474166
v 0.05860023 1.410191 0.09294279
v 0.05817668 1.410411 0.09209529
v 0.06132486 1.4080931 0.090457
v 0.061085925 1.4082865 0.08937968
v 0.06106784 1.405395 0.08990646
v 0.060883503 1.4054146 0.088827334
v 0.059592318 1.4016968 0.08919403
v 0.059766214 1.4016584 0.09018705
v 0.05783443 1.3981329 0.09001516
v 0.057885487 1.3981868 0.09102586
v 0.03797687 1.3812718 0.09319722
v 0.03893957 1.3978448 0.08729534
v 0.023608046 1.386031 0.095953636
v 0.05113743 1.3847723 0.08790815
v 0.01831551 1.3971618 0.096529804
v 0.017396074 1.4084718 0.09722404
v 0.026614564 1.4179214 0.09902549
v 0.060932953 1.3979127 0.084896676
v 0.038418487 1.4213464 0.09701154
v 0.052392144 1.420939 0.0914106
v 0.06593613 1.4174521 0.0837883
v 0.034450997 1.4102287 0.10248861
v 0.054290183 1.4112831 0.09474166
v 0.05817668 1.410411 0.09209529
v 0.061085925 1.4082865 0.08937968
v 0.060883503 1.4054146 0.088827334
v 0.050031688 1.3908056 0.0933432
v 0.053116243 1.3921865 0.09198701
v 0.055589855 1.3946118 0.091004424
v 0.030013377 1.4089619 0.10293967
v 0.026638255 1.4069691 0.102970265
v 0.02405503 1.4049369 0.10276254
v 0.03963699 1.410965 0.10130041
v 0.044558715 1.4113281 0.09955809
v 0.049580745 1.4114549 0.097313985
v 0.022349799 1.4021287 0.10219899
v 0.023425905 1.398539 0.10131024
v 0.02561454 1.3954468 0.10049296
v 0.028900668 1.392456 0.09946391
v 0.033245783 1.3908391 0.09831713
v 0.038237005 1.3901738 0.097051635
v 0.04450398 1.3901469 0.09576771
v 0.05783443 1.3981329 0.09001516
v 0.059592318 1.4016968 0.08919403
v 0.057885487 1.3981868 0.09102586
v 0.059766214 1.4016584 0.09018705
v 0.06252661 1.4046719 0.08844553
v 0.06106784 1.405395 0.08990646
v 0.06337852 1.4077829 0.08840492
v 0.06132486 1.4080931 0.090457
v 0.05860023 1.410191 0.09294279
v 0.05472916 1.4108998 0.09558063
v 0.049897693 1.4111367 0.09818649
v 0.04477467 1.4111023 0.10042412
v 0.03920057 1.4151775 0.10369245
v 0.039770585 1.4107293 0.10218542
v 0.034656223 1.4099672 0.10330749
v 0.030253943 1.4086329 0.103817776
v 0.02681643 1.4066522 0.103910655
v 0.03349029 1.3588442 0.10850031
v 0.03684815 1.3502635 0.10418157
v 0.04168461 1.3477268 0.09800861
v 0.044445824 1.3455535 0.092788376
v 0.031992987 1.3377941 0.0995778
v 0.037283413 1.3365043 0.0912508
v 0.027083687 1.3273602 0.090551905
v 0.012810702 1.3191437 0.097479485
v 0.0045358418 1.3152885 0.1024406
v 0 1.3144424 0.10383286
v 0.039502077 1.3358368 0.08428203
v 1.2212453e-17 1.314154 0.10013621
v 0.0045165108 1.3150826 0.0984102
v 0 1.315697 0.07924399
v 0.0161765 1.3199817 0.07359838
v 0.013114129 1.3186084 0.09316241
v 0.029590482 1.326294 0.065561116
v 0.028221803 1.3267114 0.08440918
v 0.040175766 1.3329189 0.05739157
v 0.04075652 1.3352134 0.07679499
v 0.04763842 1.3421077 0.08031666
v 0.046391014 1.3439999 0.08735705
v 0.017047305 1.3588933 0.11687233
v 0.0074009495 1.3467662 0.11456282
v 0.007393916 1.3508176 0.11051317
v 0.010276818 1.3467087 0.11336439
v 0.013475756 1.3478638 0.111160904
v 0.012626667 1.3466587 0.11232025
v 0.003990143 1.3467908 0.11565154
v 0 1.3517483 0.11023219
v -4.440892e-18 1.346792 0.116072945
v 0.014681339 1.348153 0.106081925
v 0.007974102 1.3523384 0.10453559
v 0 1.3537714 0.10379485
v 0.013791904 1.3466499 0.11096008
v 0.013003692 1.3466619 0.11217374
v 0.015027074 1.3466405 0.10625414
v 0.01444107 1.3475001 0.101356104
v 0.0076909135 1.3502369 0.09764637
v 0 1.350665 0.09585078
v 0.014553732 1.346603 0.10118829
v 0.0075510526 1.3469571 0.0960098
v 0.007644537 1.3441201 0.09812271
v 0 1.3431094 0.09595106
v 0 1.3418965 0.10392915
v 0.0077144024 1.3428197 0.10488345
v 0 1.3435063 0.110091
v 0.0072489856 1.3439549 0.11048106
v 0.00401419 1.3467757 0.11546764
v 0 1.3467624 0.11582927
v 0.0074709062 1.3467442 0.11437554
v 0.014372921 1.3452243 0.10611951
v 0.013220916 1.3455284 0.11077983
v 0.01018919 1.3467075 0.11331574
v 0.015027074 1.3466405 0.10625414
v 0.013791904 1.3466499 0.11096008
v 0.014342513 1.3457611 0.10156107
v 0.012615742 1.3466859 0.11223377
v 0.013003692 1.3466619 0.11217374
v -0.00401419 1.3467757 0.11546764
v -0.0072489856 1.3439549 0.11048106
v -0.0074709062 1.3467442 0.11437554
v -0.01018919 1.3467075 0.11331574
v -0.013220916 1.3455284 0.11077983
v -0.014372921 1.3452243 0.10611951
v -0.0077144024 1.3428197 0.10488345
v -0.015027074 1.3466405 0.10625414
v -0.013791904 1.3466499 0.11096008
v -0.007644537 1.3441201 0.09812271
v -0.014342513 1.3457611 0.10156107
v -0.014553732 1.346603 0.10118829
v -0.0075510526 1.3469571 0.0960098
v 0 1.3467544 0.09348462
v -0.0076909135 1.3502369 0.09764637
v -0.007974102 1.3523384 0.10453559
v -0.007393916 1.3508176 0.11051317
v -0.003990143 1.3467908 0.11565154
v -0.0074009495 1.3467662 0.11456282
v -0.010276818 1.3467087 0.11336439
v -0.013475756 1.3478638 0.111160904
v -0.012626667 1.3466587 0.11232025
v -0.014681339 1.348153 0.106081925
v -0.013791904 1.3466499 0.11096008
v -0.013003692 1.3466619 0.11217374
v -0.015027074 1.3466405 0.10625414
v -0.01444107 1.3475001 0.101356104
v -0.044414666 1.3817129 0.10026738
v -0.044066608 1.376719 0.101976365
v -0.037408374 1.377686 0.104706064
v -0.036239706 1.3712728 0.10663952
v -0.02867901 1.3733642 0.10901839
v -0.043349583 1.3705243 0.102948256
v -0.034631457 1.3647286 0.10795809
v -0.025128117 1.3665501 0.1125566
v -0.042386837 1.3639641 0.10385654
v -0.050167393 1.3698262 0.0991083
v -0.050688222 1.3769718 0.098630235
v -0.030742424 1.3795904 0.10612072
v -0.03188581 1.3839078 0.10363056
v -0.03788164 1.3823494 0.10224792
v -0.032836486 1.3879364 0.10100889
v -0.038194306 1.3866117 0.09978468
v -0.044502664 1.3863721 0.09829862
v -0.038332377 1.3902119 0.09800061
v -0.044462536 1.3901291 0.09667783
v -0.03330829 1.3908982 0.09930093
v -0.04920786 1.3629483 0.0990086
v -0.028667685 1.3596147 0.11109326
v -0.021089545 1.3612497 0.11499481
v -0.040751703 1.3577044 0.10416232
v -0.046700988 1.3559009 0.09844267
v -0.05432954 1.3622131 0.09296796
v -0.056079 1.369457 0.09378737
v -0.0613158 1.3689376 0.086092785
v -0.063646175 1.3764929 0.08453704
v -0.06353577 1.3686345 0.07862185
v -0.060512174 1.3608193 0.08049733
v -0.057634175 1.3614461 0.087815575
v -0.051615342 1.3536878 0.0903222
v -0.062527224 1.3604398 0.07197502
v -0.056471482 1.3511283 0.07581113
v -0.054663014 1.3523 0.083776884
v -0.05625438 1.3498164 0.066094734
v -0.06325342 1.3604755 0.0600494
v -0.06575928 1.361757 0.037195027
v -0.053356953 1.3444778 0.04733769
v -0.06886199 1.3760321 0.05441338
v -0.06585578 1.3686731 0.06969998
v -0.065642595 1.3764 0.07745061
v -0.06818642 1.3863176 0.07649145
v -0.06796099 1.3762482 0.067989424
v -0.07004309 1.3853681 0.067046456
v -0.072120756 1.3955108 0.06664499
v -0.07397992 1.3934847 0.051182322
v -0.07415746 1.3860075 0.034017943
v -0.07881419 1.4056561 0.032535892
v -0.0704276 1.3974849 0.075906426
v -0.06623414 1.3870361 0.082868025
v -0.06258177 1.3830414 0.08882901
v -0.06521379 1.3919972 0.08556977
v -0.06171963 1.3867385 0.08979094
v -0.06819252 1.3999298 0.08129244
v -0.056809224 1.379823 0.09452004
v -0.056838438 1.3768529 0.09444881
v -0.05656372 1.3834333 0.09439016
v -0.060193762 1.3765485 0.09103125
v -0.077857226 1.410091 0.048565857
v -0.08094794 1.4224511 0.027334955
v -0.073482946 1.404237 0.066642076
v -0.08085143 1.4361753 0.045046765
v -0.07728253 1.4294084 0.06763338
v -0.07780311 1.4479226 0.06201412
v -0.07496849 1.4116265 0.06710081
v -0.07425051 1.4210892 0.07652436
v -0.07235145 1.4387757 0.08295437
v -0.07184216 1.4577492 0.07612974
v -0.08298908 1.4389644 0.022179484
v -0.08067289 1.454329 0.03944217
v -0.076425664 1.4679917 0.053293798
v -0.07938465 1.4706286 0.032714322
v -0.074580416 1.4842536 0.04384055
v -0.07033615 1.4791826 0.06623718
v -0.06819179 1.4969879 0.055501256
v -0.06197537 1.487931 0.08069751
v -0.059984427 1.5059482 0.06703237
v -0.083406955 1.4524118 0.01646236
v -0.06304488 1.466142 0.089861065
v -0.06358039 1.445509 0.09498029
v -0.069498 1.4331993 0.08808433
v -0.046187453 1.5131896 0.07835012
v -0.04808418 1.4937513 0.093423605
v -0.031844515 1.5173217 0.088381395
v -0.033245962 1.4970169 0.10372252
v -0.015493459 1.5195619 0.094708905
v -0.016374173 1.4978517 0.11119925
v -0.033793673 1.4702748 0.1125939
v -0.04884265 1.4699554 0.10251701
v -0.016724534 1.47013 0.12026341
v -0.035014242 1.4456341 0.11520626
v -0.049426667 1.4472532 0.10718434
v -0.04902023 1.4390129 0.10746211
v -0.035408996 1.4369568 0.11427185
v -0.020972209 1.4332 0.11796648
v -0.015629115 1.4405229 0.12134949
v -0.061843354 1.4375933 0.098093204
v -0.012238665 1.428796 0.12017836
v -0.009310026 1.4193817 0.118386425
v -0.006980858 1.4063886 0.115179606
v -0.01733099 1.4164622 0.11241331
v -0.024511758 1.4243556 0.11364707
v -0.023090366 1.4120233 0.107371
v -0.02750281 1.4156028 0.10758503
v -0.03279036 1.418018 0.107013024
v -0.028865222 1.4121276 0.105577
v -0.033897493 1.4139407 0.104544275
v -0.03676191 1.4282284 0.11088247
v -0.038474537 1.4192597 0.105747536
v -0.025015688 1.4094115 0.10563641
v -0.020179546 1.4083531 0.10666336
v -0.022555193 1.4063292 0.10513221
v -0.014063492 1.4048706 0.10910692
v -0.019231383 1.4033209 0.10563338
v -0.022637822 1.4019803 0.10319885
v -0.021526277 1.3976388 0.10385822
v -0.018155314 1.3970393 0.10616488
v -0.014012934 1.3965375 0.10937883
v -0.017809534 1.3879777 0.10808237
v -0.007605753 1.3916204 0.11487901
v -0.021626985 1.3906598 0.105107255
v -0.013677506 1.3814179 0.11364513
v -0.024204511 1.3935347 0.10304485
v -0.023787638 1.3984306 0.102263324
v -0.025982711 1.3953544 0.101400055
v -0.024239628 1.4047045 0.103710115
v -0.02480887 1.3821943 0.10703462
v -0.026617752 1.3862971 0.10451028
v -0.028074116 1.3899877 0.101988874
v -0.029125882 1.3924977 0.10036131
v -0.02213347 1.3766037 0.11077006
v -0.017685313 1.3694952 0.11548946
v -0.01024889 1.3738121 0.1194732
v -0.0055469177 1.3861281 0.11886141
v -0.012674584 1.3627745 0.119145855
v -0.006999006 1.3683546 0.1259161
v -0.004037232 1.3788675 0.12456164
v -0.0026304245 1.3733053 0.13312255
v -0.0021081208 1.370695 0.13253723
v -0.0034974765 1.3671335 0.12811053
v -0.005484401 1.3622181 0.12317304
v -0.0063129803 1.398013 0.114992045
v -0.0051124124 1.3573437 0.12266813
v -0.0044086487 1.3527088 0.12274764
v -0.004094465 1.3489572 0.119540125
v -0.008406241 1.3515148 0.120433055
v -0.010207438 1.3560666 0.12029503
v -0.011933622 1.349505 0.11709725
v -0.00764499 1.3485497 0.11805732
v -0.010917968 1.3477508 0.11543544
v -0.0074009495 1.3467662 0.11456282
v -0.010276818 1.3467087 0.11336439
v -0.015609779 1.3524537 0.11665
v -0.013403673 1.3470982 0.11333496
v -0.012626667 1.3466587 0.11232025
v -0.003990143 1.3467908 0.11565154
v -0.015166202 1.3477275 0.1137159
v -0.019161271 1.3486848 0.1133885
v -0.02134078 1.354751 0.1141132
v -0.02505104 1.3502452 0.11142142
v -0.032110587 1.3528224 0.10829681
v -0.025672013 1.3449844 0.108651794
v -0.03308612 1.3452954 0.104086205
v -0.015290265 1.3466916 0.11271538
v -0.013750095 1.3466356 0.112510905
v -0.019891376 1.3458431 0.11173013
v -0.018376196 1.3426396 0.11070307
v -0.023760233 1.3397925 0.10705287
v -0.01452271 1.3455578 0.11212901
v -0.018316796 1.3349196 0.106910445
v -0.022700967 1.3303525 0.10170818
v -0.012133395 1.3239039 0.10496032
v -0.012518071 1.3205742 0.1011962
v -0.025494263 1.3284677 0.09581123
v -0.004472513 1.3166958 0.10575089
v -0.0044894572 1.3206881 0.10838076
v -0.0045609325 1.3291845 0.10982731
v -0.004503172 1.3360193 0.1118006
v -0.004310525 1.341276 0.11622967
v -0.008358834 1.3421296 0.1147565
v -0.009702838 1.337074 0.11071564
v -0.004174269 1.3441219 0.11649939
v -0.00401419 1.3467757 0.11546764
v -0.01157953 1.3305489 0.1081263
v -0.014383602 1.3394337 0.11045661
v -0.011476106 1.3434849 0.113193244
v -0.010713148 1.3450246 0.11347315
v -0.007903379 1.344422 0.11495853
v -0.01018919 1.3467075 0.11331574
v -0.0074709062 1.3467442 0.11437554
v -0.012615742 1.3466859 0.11223377
v -0.013250932 1.3461854 0.11228103
v -0.013003692 1.3466619 0.11217374
v -0.06379351 1.4102434 0.088359214
v -0.062893234 1.412327 0.09007827
v -0.068545155 1.4163386 0.085598946
v -0.06736077 1.4094579 0.08472478
v -0.06299843 1.4174591 0.09183087
v -0.06660788 1.4251317 0.09061032
v -0.060878932 1.4141623 0.09242208
v -0.0571166 1.4185178 0.096212864
v -0.05979733 1.4283063 0.09831778
v -0.05190327 1.4192768 0.09975098
v -0.047965545 1.4297639 0.105900794
v -0.056100443 1.4152646 0.095922746
v -0.050999474 1.4156299 0.09884363
v -0.04633945 1.4197398 0.10269696
v -0.045623206 1.4157437 0.10138571
v -0.07147957 1.4261608 0.08433754
v -0.070766665 1.4153249 0.081286095
v -0.0731845 1.4133766 0.0761371
v -0.07176154 1.4061998 0.07549301
v -0.069633126 1.4080317 0.08067271
v -0.06631403 1.4028965 0.08501008
v -0.06348424 1.3972677 0.087778926
v -0.06374988 1.404255 0.0875415
v -0.06075718 1.4007411 0.089254774
v -0.058665812 1.3975497 0.090489194
v -0.06050119 1.3929781 0.09053363
v -0.056093644 1.3888555 0.09401122
v -0.055664957 1.3946465 0.09193952
v -0.053175673 1.3922272 0.0929553
v -0.050642893 1.3869963 0.096725345
v -0.050116863 1.3908246 0.094234064
v -0.05074666 1.3821844 0.0979644
v -0.028900668 1.392456 0.09946391
v -0.03330829 1.3908982 0.09930093
v -0.029125882 1.3924977 0.10036131
v -0.033245783 1.3908391 0.09831713
v -0.025982711 1.3953544 0.101400055
v -0.02561454 1.3954468 0.10049296
v -0.023787638 1.3984306 0.102263324
v -0.023425905 1.398539 0.10131024
v -0.022349799 1.4021287 0.10219899
v -0.022637822 1.4019803 0.10319885
v -0.02405503 1.4049369 0.10276254
v -0.024239628 1.4047045 0.103710115
v -0.038332377 1.3902119 0.09800061
v -0.038237005 1.3901738 0.097051635
v -0.044462536 1.3901291 0.09667783
v -0.04450398 1.3901469 0.09576771
v -0.050116863 1.3908246 0.094234064
v -0.050031688 1.3908056 0.0933432
v -0.053175673 1.3922272 0.0929553
v -0.053116243 1.3921865 0.09198701
v -0.055664957 1.3946465 0.09193952
v -0.055589855 1.3946118 0.091004424
v -0.026638255 1.4069691 0.102970265
v -0.02681643 1.4066522 0.103910655
v -0.030013377 1.4089619 0.10293967
v -0.030253943 1.4086329 0.103817776
v -0.034450997 1.4102287 0.10248861
v -0.034656223 1.4099672 0.10330749
v -0.039770585 1.4107293 0.10218542
v -0.03963699 1.410965 0.10130041
v -0.04477467 1.4111023 0.10042412
v -0.044558715 1.4113281 0.09955809
v -0.049897693 1.4111367 0.09818649
v -0.049580745 1.4114549 0.097313985
v -0.05472916 1.4108998 0.09558063
v -0.054290183 1.4112831 0.09474166
v -0.05860023 1.410191 0.09294279
v -0.05817668 1.410411 0.09209529
v -0.06132486 1.4080931 0.090457
v -0.061085925 1.4082865 0.08937968
v -0.06106784 1.405395 0.08990646
v -0.060883503 1.4054146 0.088827334
v -0.059592318 1.4016968 0.08919403
v -0.059766214 1.4016584 0.09018705
v -0.05783443 1.3981329 0.09001516
v -0.057885487 1.3981868 0.09102586
v -0.03893957 1.3978448 0.08729534
v -0.03797687 1.3812718 0.09319722
v -0.023608046 1.386031 0.095953636
v -0.05113743 1.3847723 0.08790815
v -0.01831551 1.3971618 0.096529804
v -0.017396074 1.4084718 0.09722404
v -0.026614564 1.4179214 0.09902549
v -0.060932953 1.3979127 0.084896676
v -0.038418487 1.4213464 0.09701154
v -0.052392144 1.420939 0.0914106
v -0.06593613 1.4174521 0.0837883
v -0.034450997 1.4102287 0.10248861
v -0.054290183 1.4112831 0.09474166
v -0.05817668 1.410411 0.09209529
v -0.061085925 1.4082865 0.08937968
v -0.060883503 1.4054146 0.088827334
v -0.050031688 1.3908056 0.0933432
v -0.053116243 1.3921865 0.09198701
v -0.055589855 1.3946118 0.091004424
v -0.030013377 1.4089619 0.10293967
v -0.026638255 1.4069691 0.102970265
v -0.02405503 1.4049369 0.10276254
v -0.03963699 1.410965 0.10130041
v -0.044558715 1.4113281 0.09955809
v -0.049580745 1.4114549 0.097313985
v -0.022349799 1.4021287 0.10219899
v -0.023425905 1.398539 0.10131024
v -0.02561454 1.3954468 0.10049296
v -0.028900668 1.392456 0.09946391
v -0.033245783 1.3908391 0.09831713
v -0.038237005 1.3901738 0.097051635
v -0.04450398 1.3901469 0.09576771
v -0.059592318 1.4016968 0.08919403
v -0.05783443 1.3981329 0.09001516
v -0.057885487 1.3981868 0.09102586
v -0.059766214 1.4016584 0.09018705
v -0.06252661 1.4046719 0.08844553
v -0.06106784 1.405395 0.08990646
v -0.06337852 1.4077829 0.08840492
v -0.06132486 1.4080931 0.090457
v -0.05860023 1.410191 0.09294279
v -0.05472916 1.4108998 0.09558063
v -0.049897693 1.4111367 0.09818649
v -0.04477467 1.4111023 0.10042412
v -0.03920057 1.4151775 0.10369245
v -0.039770585 1.4107293 0.10218542
v -0.034656223 1.4099672 0.10330749
v -0.030253943 1.4086329 0.103817776
v -0.02681643 1.4066522 0.103910655
v -0.03349029 1.3588442 0.10850031
v -0.03684815 1.3502635 0.10418157
v -0.04168461 1.3477268 0.09800861
v -0.044445824 1.3455535 0.092788376
v -0.031993 1.3377941 0.0995778
v -0.037283413 1.3365043 0.0912508
v -0.02708369 1.3273602 0.090551905
v -0.012810699 1.3191437 0.097479485
v -0.0045358418 1.3152885 0.1024406
v -0.039502077 1.3358368 0.08428203
v -0.004516511 1.3150826 0.0984102
v -0.0161765 1.3199817 0.07359838
v -0.013114126 1.3186084 0.09316241
v -0.029590482 1.326294 0.065561116
v -0.028221803 1.3267114 0.08440918
v -0.040175766 1.3329189 0.05739157
v -0.04075652 1.3352134 0.07679499
v -0.04763842 1.3421077 0.08031666
v -0.046391014 1.3439999 0.08735705
v -0.017047305 1.3588933 0.11687233
v -0.012615742 1.3466859 0.11223377
v -0.013003692 1.3466619 0.11217374
v -0.020615999 1.4298615 0.11892699
v -0.021172294 1.4339223 0.11964791
v -0.028377065 1.432488 0.11707164
v -0.024620945 1.4358948 0.11900137
v -0.029017493 1.4372783 0.117644876
v -0.035364565 1.4343573 0.114974044
v -0.035231154 1.4381166 0.1153943
v -0.04267437 1.4357234 0.11189934
v -0.042686414 1.438679 0.112055555
v -0.04914185 1.4361731 0.108442836
v -0.049317658 1.4388646 0.10845792
v -0.055748057 1.4363612 0.10408454
v -0.056066126 1.438212 0.10397412
v -0.06181392 1.4361752 0.09866777
v -0.019253058 1.4316865 0.119669504
v -0.017456787 1.4288446 0.11941491
v -0.02993038 1.4185513 0.10914028
v -0.033368357 1.4182818 0.108177386
v -0.030322937 1.4171458 0.10832117
v -0.03311125 1.4194561 0.108757816
v -0.026873266 1.417372 0.10942737
v -0.027413303 1.4156823 0.108348355
v -0.024030162 1.4153824 0.109267
v -0.02504348 1.4140341 0.10824007
v -0.02201606 1.4133117 0.108890586
v -0.022911908 1.4122747 0.10797897
v -0.0364212 1.4201193 0.10798638
v -0.03656577 1.4189821 0.10746708
v -0.03967513 1.4205663 0.1069461
v -0.039750945 1.4194237 0.106617
v -0.042994235 1.4196415 0.10539006
v -0.043195996 1.4208409 0.105585076
v -0.046275478 1.4196599 0.10388015
v -0.04648253 1.4208745 0.10413664
v -0.049303956 1.4195763 0.10241084
v -0.049615543 1.4207137 0.10250749
v -0.051980495 1.419395 0.10096959
v -0.05235843 1.4204346 0.10089925
v -0.054623745 1.4191155 0.09930482
v -0.054905687 1.4200333 0.09920155
v -0.0573165 1.4187319 0.09748646
v -0.057432164 1.419425 0.097419605
v -0.061702326 1.4184512 0.094306946
v -0.02129874 1.4121066 0.10855806
v -0.021714555 1.4109554 0.10775625
v -0.03287579 1.4204856 0.109366454
v -0.02993038 1.4185513 0.10914028
v -0.029584019 1.4199532 0.11005131
v -0.03311125 1.4194561 0.108757816
v -0.026873266 1.417372 0.10942737
v -0.026297247 1.4190631 0.110652655
v -0.02399778 1.4181737 0.11087436
v -0.024030162 1.4153824 0.109267
v -0.021729574 1.416844 0.11090218
v -0.02201606 1.4133117 0.108890586
v -0.019962983 1.4153725 0.110892214
v -0.036357343 1.4206433 0.108271904
v -0.0364212 1.4201193 0.10798638
v -0.03967513 1.4205663 0.1069461
v -0.018784625 1.4139811 0.11065939
v -0.02129874 1.4121066 0.10855806
v -0.018473685 1.4122463 0.110232934
v -0.019235412 1.4104685 0.1090341
v -0.021714555 1.4109554 0.10775625
v -0.020744357 1.4097264 0.10787045
vt 0.03760621 0.93692285
vt 0.048514567 0.94720364
vt 0.05719378 0.93564105
vt 0.04481619 0.926124
vt 0.063032776 0.9559323
vt 0.028962985 0.9277055
vt 0.033883765 0.92013705
vt 0.041453447 0.91103274
vt 0.04970935 0.9193252
vt 0.03319239 0.9102497
vt 0.07622361 0.94337386
vt 0.083841704 0.96336555
vt 0.09731081 0.94823754
vt 0.09636423 0.9660511
vt 0.12189376 0.96802354
vt 0.1217204 0.9505165
vt 0.14683849 0.96678126
vt 0.14465123 0.9505153
vt 0.17063534 0.9635774
vt 0.1662988 0.9477408
vt 0.19140244 0.9595343
vt 0.1861592 0.9423994
vt 0.2059753 0.9582183
vt 0.20711094 0.95275456
vt 0.19638723 0.9363576
vt 0.22103381 0.9591247
vt 0.21373624 0.9492535
vt 0.20778912 0.9406245
vt 0.20086557 0.93024915
vt 0.21476644 0.9401351
vt 0.21652293 0.93671083
vt 0.22292173 0.9403825
vt 0.21881944 0.9320314
vt 0.21358734 0.9224383
vt 0.20316476 0.9208566
vt 0.20587975 0.90840256
vt 0.19844699 0.910297
vt 0.19699883 0.89425117
vt 0.19326758 0.8958192
vt 0.18609273 0.88219476
vt 0.037128583 0.90645367
vt 0.041453447 0.91103274
vt 0.041113064 0.9113551
vt 0.037346654 0.90613294
vt 0.04970935 0.9193252
vt 0.04912454 0.91969466
vt 0.032448836 0.9000493
vt 0.062271 0.9278258
vt 0.060921937 0.92789483
vt 0.07804708 0.9342031
vt 0.07903968 0.9338857
vt 0.09889281 0.9374467
vt 0.09946364 0.93747854
vt 0.12015691 0.9389701
vt 0.12045601 0.9389195
vt 0.14273715 0.9386202
vt 0.14250469 0.9386537
vt 0.1646012 0.93660504
vt 0.16374993 0.9369408
vt 0.18195647 0.93243885
vt 0.18132931 0.9329869
vt 0.194125 0.9240513
vt 0.19444484 0.9235807
vt 0.19392884 0.91302526
vt 0.19433302 0.91287696
vt 0.18977654 0.8983664
vt 0.18949693 0.8987136
vt 0.18238592 0.8849317
vt 0.18245286 0.88507944
vt 0.17332917 0.8711056
vt 0.048514567 0.94720364
vt 0.036691755 0.93715495
vt 0.04727617 0.94749
vt 0.03760621 0.93692285
vt 0.028442182 0.92706037
vt 0.028962985 0.9277055
vt 0.063032776 0.9559323
vt 0.060862362 0.9566612
vt 0.022232346 0.91853094
vt 0.07230155 0.9615519
vt 0.083841704 0.96336555
vt 0.09636423 0.9660511
vt 0.086031035 0.9653979
vt 0.0942294 0.96703756
vt 0.083841704 0.96336555
vt 0.12070036 0.96920013
vt 0.12189376 0.96802354
vt 0.14516461 0.96798897
vt 0.14683849 0.96678126
vt 0.16847956 0.9646276
vt 0.17063534 0.9635774
vt 0.19068849 0.960207
vt 0.19140244 0.9595343
vt 0.20650786 0.9587267
vt 0.2059753 0.9582183
vt 0.22103381 0.9591247
vt 0.19343686 0.8969078
vt 0.18245286 0.88507944
vt 0.18764079 0.88238305
vt 0.19782877 0.89454484
vt 0.17332917 0.8711056
vt 0.18949693 0.8987136
vt 0.19392884 0.91302526
vt 0.1999765 0.9112246
vt 0.20647442 0.90938824
vt 0.20452821 0.9229171
vt 0.21311426 0.9226366
vt 0.20934534 0.93133205
vt 0.20116782 0.93193233
vt 0.194125 0.9240513
vt 0.18195647 0.93243885
vt 0.19351715 0.9450613
vt 0.17760211 0.9493519
vt 0.1646012 0.93660504
vt 0.16847956 0.9646276
vt 0.14273715 0.9386202
vt 0.14516461 0.96798897
vt 0.12015691 0.9389701
vt 0.12070036 0.96920013
vt 0.20767546 0.93965507
vt 0.20805883 0.9528242
vt 0.2144652 0.94942
vt 0.22103381 0.9591247
vt 0.20650786 0.9587267
vt 0.19068849 0.960207
vt 0.0942294 0.96703756
vt 0.09889281 0.9374467
vt 0.086031035 0.9653979
vt 0.07804708 0.9342031
vt 0.079623 0.9636973
vt 0.07230155 0.9615519
vt 0.060862362 0.9566612
vt 0.060921937 0.92789483
vt 0.04727617 0.94749
vt 0.036691755 0.93715495
vt 0.04912454 0.91969466
vt 0.0331463 0.9200891
vt 0.028442182 0.92706037
vt 0.022232346 0.91853094
vt 0.041113064 0.9113551
vt 0.032405704 0.91019976
vt 0.037128583 0.90645367
vt 0.032448836 0.9000493
vt 0.07568619 0.96949255
vt 0.08010593 0.9704709
vt 0.077473894 0.9764366
vt 0.07994704 0.9767583
vt 0.08472948 0.97170925
vt 0.08268058 0.97753745
vt 0.07889861 0.9848167
vt 0.20587975 0.90840256
vt 0.19782877 0.89454484
vt 0.19699883 0.89425117
vt 0.20647442 0.90938824
vt 0.18764079 0.88238305
vt 0.18609273 0.88219476
vt 0.17332917 0.8711056
vt 0.21358734 0.9224383
vt 0.21311426 0.9226366
vt 0.21857554 0.93246704
vt 0.21881944 0.9320314
vt 0.22292173 0.9403825
vt 0.033883765 0.92013705
vt 0.0331463 0.9200891
vt 0.022232346 0.91853094
vt 0.032405704 0.91019976
vt 0.033883765 0.92013705
vt 0.03319239 0.9102497
vt 0.0331463 0.9200891
vt 0.032448836 0.9000493
vt 0.022232346 0.91853094
vt 0.037346654 0.90613294
vt 0.032448836 0.9000493
vt 0.21614581 0.9358951
vt 0.21857554 0.93246704
vt 0.22292173 0.9403825
vt 0.21477675 0.939239
vt 0.21373624 0.9492535
vt 0.22103381 0.9591247
vt 0.2144652 0.94942
vt 0.20767546 0.93965507
vt 0.20778912 0.9406245
vt 0.21477675 0.939239
vt 0.22292173 0.9403825
vt 0.21476644 0.9401351
vt 0.20778912 0.9406245
vt 0.20767546 0.93965507
vt 0.08032507 0.97700924
vt 0.08472948 0.97170925
vt 0.08184621 0.97054887
vt 0.08268058 0.97753745
vt 0.07889861 0.9848167
vt 0.086031035 0.9653979
vt 0.083841704 0.96336555
vt 0.07568619 0.96949255
vt 0.08032507 0.97700924
vt 0.08184621 0.97054887
vt 0.077473894 0.9764366
vt 0.07889861 0.9848167
vt 0.083841704 0.96336555
vt 0.07230155 0.9615519
vt 0.048514567 0.94720364
vt 0.03760621 0.93692285
vt 0.05719378 0.93564105
vt 0.04481619 0.926124
vt 0.063032776 0.9559323
vt 0.028962985 0.9277055
vt 0.033883765 0.92013705
vt 0.041453447 0.91103274
vt 0.04970935 0.9193252
vt 0.03319239 0.9102497
vt 0.07622361 0.94337386
vt 0.083841704 0.96336555
vt 0.09731081 0.94823754
vt 0.09636423 0.9660511
vt 0.12189376 0.96802354
vt 0.1217204 0.9505165
vt 0.14683849 0.96678126
vt 0.14465123 0.9505153
vt 0.17063534 0.9635774
vt 0.1662988 0.9477408
vt 0.19140244 0.9595343
vt 0.1861592 0.9423994
vt 0.2059753 0.9582183
vt 0.20711094 0.95275456
vt 0.19638723 0.9363576
vt 0.22103381 0.9591247
vt 0.21373624 0.9492535
vt 0.20778912 0.9406245
vt 0.20086557 0.93024915
vt 0.21476644 0.9401351
vt 0.21652293 0.93671083
vt 0.22292173 0.9403825
vt 0.21881944 0.9320314
vt 0.21358734 0.9224383
vt 0.20316476 0.9208566
vt 0.20587975 0.90840256
vt 0.19844699 0.910297
vt 0.19699883 0.89425117
vt 0.19326758 0.8958192
vt 0.18609273 0.88219476
vt 0.037128583 0.90645367
vt 0.041453447 0.91103274
vt 0.037346654 0.90613294
vt 0.041113064 0.9113551
vt 0.04970935 0.9193252
vt 0.04912454 0.91969466
vt 0.032448836 0.9000493
vt 0.062271 0.9278258
vt 0.060921937 0.92789483
vt 0.07804708 0.9342031
vt 0.07903968 0.9338857
vt 0.09889281 0.9374467
vt 0.09946364 0.93747854
vt 0.12015691 0.9389701
vt 0.12045601 0.9389195
vt 0.14273715 0.9386202
vt 0.14250469 0.9386537
vt 0.1646012 0.93660504
vt 0.16374993 0.9369408
vt 0.18195647 0.93243885
vt 0.18132931 0.9329869
vt 0.194125 0.9240513
vt 0.19444484 0.9235807
vt 0.19392884 0.91302526
vt 0.19433302 0.91287696
vt 0.18977654 0.8983664
vt 0.18949693 0.8987136
vt 0.18238592 0.8849317
vt 0.18245286 0.88507944
vt 0.17332917 0.8711056
vt 0.036691755 0.93715495
vt 0.048514567 0.94720364
vt 0.04727617 0.94749
vt 0.03760621 0.93692285
vt 0.028442182 0.92706037
vt 0.028962985 0.9277055
vt 0.063032776 0.9559323
vt 0.060862362 0.9566612
vt 0.022232346 0.91853094
vt 0.07230155 0.9615519
vt 0.083841704 0.96336555
vt 0.09636423 0.9660511
vt 0.086031035 0.9653979
vt 0.083841704 0.96336555
vt 0.0942294 0.96703756
vt 0.12070036 0.96920013
vt 0.12189376 0.96802354
vt 0.14516461 0.96798897
vt 0.14683849 0.96678126
vt 0.16847956 0.9646276
vt 0.17063534 0.9635774
vt 0.19068849 0.960207
vt 0.19140244 0.9595343
vt 0.20650786 0.9587267
vt 0.2059753 0.9582183
vt 0.22103381 0.9591247
vt 0.18245286 0.88507944
vt 0.19343686 0.8969078
vt 0.18764079 0.88238305
vt 0.19782877 0.89454484
vt 0.17332917 0.8711056
vt 0.18949693 0.8987136
vt 0.19392884 0.91302526
vt 0.1999765 0.9112246
vt 0.20647442 0.90938824
vt 0.20452821 0.9229171
vt 0.21311426 0.9226366
vt 0.20934534 0.93133205
vt 0.20116782 0.93193233
vt 0.194125 0.9240513
vt 0.18195647 0.93243885
vt 0.19351715 0.9450613
vt 0.17760211 0.9493519
vt 0.1646012 0.93660504
vt 0.16847956 0.9646276
vt 0.14273715 0.9386202
vt 0.14516461 0.96798897
vt 0.12015691 0.9389701
vt 0.12070036 0.96920013
vt 0.20767546 0.93965507
vt 0.20805883 0.9528242
vt 0.2144652 0.94942
vt 0.22103381 0.9591247
vt 0.20650786 0.9587267
vt 0.19068849 0.960207
vt 0.0942294 0.96703756
vt 0.09889281 0.9374467
vt 0.086031035 0.9653979
vt 0.07804708 0.9342031
vt 0.079623 0.9636973
vt 0.07230155 0.9615519
vt 0.060862362 0.9566612
vt 0.060921937 0.92789483
vt 0.04727617 0.94749
vt 0.036691755 0.93715495
vt 0.04912454 0.91969466
vt 0.0331463 0.9200891
vt 0.028442182 0.92706037
vt 0.022232346 0.91853094
vt 0.041113064 0.9113551
vt 0.032405704 0.91019976
vt 0.037128583 0.90645367
vt 0.032448836 0.9000493
vt 0.07568619 0.96949255
vt 0.08010593 0.9704709
vt 0.077473894 0.9764366
vt 0.07994704 0.9767583
vt 0.08472948 0.97170925
vt 0.08268058 0.97753745
vt 0.07889861 0.9848167
vt 0.20587975 0.90840256
vt 0.19782877 0.89454484
vt 0.20647442 0.90938824
vt 0.19699883 0.89425117
vt 0.18764079 0.88238305
vt 0.18609273 0.88219476
vt 0.17332917 0.8711056
vt 0.21358734 0.9224383
vt 0.21311426 0.9226366
vt 0.21857554 0.93246704
vt 0.21881944 0.9320314
vt 0.22292173 0.9403825
vt 0.0331463 0.9200891
vt 0.033883765 0.92013705
vt 0.022232346 0.91853094
vt 0.032405704 0.91019976
vt 0.033883765 0.92013705
vt 0.0331463 0.9200891
vt 0.03319239 0.9102497
vt 0.032448836 0.9000493
vt 0.022232346 0.91853094
vt 0.032448836 0.9000493
vt 0.037346654 0.90613294
vt 0.21857554 0.93246704
vt 0.21614581 0.9358951
vt 0.22292173 0.9403825
vt 0.21477675 0.939239
vt 0.22103381 0.9591247
vt 0.21373624 0.9492535
vt 0.2144652 0.94942
vt 0.20767546 0.93965507
vt 0.20778912 0.9406245
vt 0.22292173 0.9403825
vt 0.21477675 0.939239
vt 0.21476644 0.9401351
vt 0.20778912 0.9406245
vt 0.20767546 0.93965507
vt 0.08032507 0.97700924
vt 0.08472948 0.97170925
vt 0.08268058 0.97753745
vt 0.08184621 0.97054887
vt 0.07889861 0.9848167
vt 0.086031035 0.9653979
vt 0.083841704 0.96336555
vt 0.08032507 0.97700924
vt 0.07568619 0.96949255
vt 0.08184621 0.97054887
vt 0.077473894 0.9764366
vt 0.07889861 0.9848167
vt 0.083841704 0.96336555
vt 0.07230155 0.9615519
vt 0.68883896 0.008005
vt 0.716894 0.019629
vt 0.716894 0.008005
vt 0.68883896 0.019629
vt 0.73456496 0.008005
vt 0.73456496 0.019629
vt 0.67403096 0.019629
vt 0.67403096 0.008005
vt 0.74936664 0.008005001
vt 0.74936664 0.019629
vt 0.716894 0.029272
vt 0.73456496 0.029272
vt 0.73456496 0.038861
vt 0.716894 0.038861
vt 0.68883896 0.029272
vt 0.68883896 0.038861
vt 0.74936664 0.038861
vt 0.74936664 0.029534968
vt 0.67403096 0.029272
vt 0.67403096 0.038861
vt 0.68883896 0.008005
vt 0.68883896 0.019629
vt 0.716894 0.019629
vt 0.716894 0.008005
vt 0.73456496 0.008005
vt 0.73456496 0.019629
vt 0.74936664 0.008005001
vt 0.74936664 0.019629
vt 0.716894 0.029272
vt 0.73456496 0.029272
vt 0.73456496 0.038861
vt 0.716894 0.038861
vt 0.68883896 0.029272
vt 0.68883896 0.038861
vt 0.74936664 0.038861
vt 0.74936664 0.029534968
vt 0.7892411 0.07706827
vt 0.81463885 0.064907186
vt 0.78544974 0.060646117
vt 0.8147391 0.08174176
vt 0.78381956 0.07865268
vt 0.7781191 0.05982983
vt 0.78627694 0.041017324
vt 0.7791672 0.039205194
vt 0.7843028 0.023875058
vt 0.79006153 0.02627045
vt 0.8145125 0.043763608
vt 0.81440943 0.026522458
vt 0.7952124 0.01196897
vt 0.79816294 0.01628542
vt 0.8142965 0.0071893334
vt 0.81433564 0.014217496
vt 0.7892411 0.07706827
vt 0.78544974 0.060646117
vt 0.79006153 0.02627045
vt 0.78627694 0.041017324
vt 0.79816294 0.01628542
vt 0.7952124 0.01196897
vt 0.7843028 0.023875058
vt 0.78381956 0.07865268
vt 0.7781191 0.05982983
vt 0.7791672 0.039205194
vt 0.83053756 0.016092747
vt 0.83343554 0.011743627
vt 0.8143356 0.014217481
vt 0.8144095 0.02652245
vt 0.8387604 0.025983647
vt 0.8145125 0.043763608
vt 0.84272385 0.040686384
vt 0.84980273 0.038790278
vt 0.84448457 0.023521084
vt 0.8510971 0.05940386
vt 0.84378576 0.06030567
vt 0.845621 0.07829667
vt 0.8401866 0.076771304
vt 0.81463885 0.064907186
vt 0.8147391 0.08174176
vt 0.83053756 0.016092747
vt 0.8387604 0.025983647
vt 0.8401866 0.076771304
vt 0.84378576 0.06030567
vt 0.845621 0.07829667
vt 0.8510971 0.05940386
vt 0.84272385 0.040686384
vt 0.84980273 0.038790278
vt 0.84448457 0.023521084
vt 0.83343554 0.011743627
vt 0.7167289 0.058129
vt 0.68883896 0.046519
vt 0.7168939 0.046519
vt 0.68883896 0.058142
vt 0.734565 0.058142
vt 0.734565 0.046519
vt 0.674031 0.046519
vt 0.674031 0.058142
vt 0.74936664 0.058142
vt 0.74936664 0.046519
vt 0.7168939 0.067786
vt 0.734565 0.067786
vt 0.7168939 0.077375
vt 0.734565 0.077375
vt 0.68883896 0.077375
vt 0.68883896 0.067786
vt 0.74936664 0.06809967
vt 0.74936664 0.077375
vt 0.674031 0.067786
vt 0.674031 0.077375
vt 0.68883896 0.058142
vt 0.68883896 0.046519
vt 0.7167289 0.058129
vt 0.7168939 0.046519
vt 0.734565 0.058142
vt 0.734565 0.046519
vt 0.74936664 0.058142
vt 0.74936664 0.046519
vt 0.7168939 0.067786
vt 0.734565 0.067786
vt 0.7168939 0.077375
vt 0.734565 0.077375
vt 0.68883896 0.077375
vt 0.68883896 0.067786
vt 0.74936664 0.06809967
vt 0.74936664 0.077375
vt 0.7550683 0.9594905
vt 0.7521088 0.9443316
vt 0.78255343 0.9500113
vt 0.76881117 0.96496207
vt 0.7860423 0.967998
vt 0.8103752 0.95483273
vt 0.8106572 0.9687178
vt 0.83973646 0.95699334
vt 0.84054786 0.9678169
vt 0.8667055 0.95617807
vt 0.8682332 0.9660955
vt 0.8958855 0.95364106
vt 0.8980262 0.9604143
vt 0.92650616 0.94786215
vt 0.7473247 0.9516057
vt 0.74057406 0.9414247
vt 0.1210514 0.2666756
vt 0.11590934 0.27881157
vt 0.1124391 0.2754358
vt 0.12512052 0.27112716
vt 0.13028313 0.25875422
vt 0.13513994 0.2644366
vt 0.14189267 0.25327718
vt 0.14479516 0.25980353
vt 0.15232632 0.25078732
vt 0.15444049 0.2563885
vt 0.10460976 0.28553006
vt 0.10817149 0.28842103
vt 0.09764409 0.29597655
vt 0.10137269 0.29862607
vt 0.095433325 0.31003627
vt 0.091638684 0.30859116
vt 0.09028113 0.32244444
vt 0.08618808 0.32129863
vt 0.08594245 0.33428985
vt 0.08191943 0.33351263
vt 0.08258939 0.34530103
vt 0.07875025 0.3448969
vt 0.079760015 0.3568464
vt 0.07654035 0.35665554
vt 0.07725561 0.36847588
vt 0.0749374 0.36853346
vt 0.0728662 0.38907766
vt 0.15757203 0.25087762
vt 0.16095224 0.255123
vt 0.08642018 0.26245072
vt 0.097157225 0.25516322
vt 0.08994052 0.26510468
vt 0.092314035 0.25138137
vt 0.105111 0.24595942
vt 0.099322766 0.24069072
vt 0.10527197 0.23370233
vt 0.11577904 0.23881993
vt 0.112746 0.22753985
vt 0.12572758 0.23480906
vt 0.12009506 0.22319865
vt 0.08185658 0.27511692
vt 0.08369613 0.27624917
vt 0.0783581 0.2876138
vt 0.12645869 0.22100845
vt 0.13092859 0.23411977
vt 0.1328985 0.22217387
vt 0.13877732 0.22816484
vt 0.13490146 0.23781642
vt 0.1403167 0.23561679
vt 0.6506865 0.46312293
vt 0.6540225 0.47851726
vt 0.62964654 0.46399257
vt 0.6206944 0.44250146
vt 0.59515774 0.44924197
vt 0.6464287 0.44164872
vt 0.61370206 0.41879562
vt 0.5808003 0.42305765
vt 0.6403904 0.4186264
vt 0.66958916 0.44159958
vt 0.6722022 0.46339336
vt 0.6067368 0.47200823
vt 0.6141453 0.48753634
vt 0.63323706 0.48097166
vt 0.61962366 0.50177455
vt 0.6366442 0.4962215
vt 0.65666234 0.4944017
vt 0.6391641 0.5087256
vt 0.65845823 0.5075999
vt 0.6230234 0.5123707
vt 0.6642122 0.41770217
vt 0.5918025 0.3998257
vt 0.5677428 0.40224612
vt 0.63276947 0.39733198
vt 0.655879 0.39244023
vt 0.6874965 0.41379085
vt 0.6907224 0.44111544
vt 0.7188405 0.43651864
vt 0.72997695 0.4583645
vt 0.7408619 0.42793384
vt 0.7241884 0.39916882
vt 0.703275 0.40931302
vt 0.6803512 0.38044706
vt 0.7518265 0.39119262
vt 0.71526897 0.34876668
vt 0.6944919 0.3651137
vt 0.73928905 0.33202076
vt 0.7842602 0.37864688
vt 0.86109126 0.36265552
vt 0.7689774 0.2833696
vt 0.82741785 0.43753427
vt 0.76908076 0.4203823
vt 0.75229514 0.45466468
vt 0.7651057 0.48776987
vt 0.7829062 0.44758743
vt 0.79518545 0.48045522
vt 0.80357003 0.51604795
vt 0.8557452 0.50400716
vt 0.91220784 0.47028407
vt 0.9312165 0.55117583
vt 0.7731985 0.52338403
vt 0.7436054 0.49150285
vt 0.7199154 0.48053786
vt 0.7358268 0.50709224
vt 0.7169488 0.49215493
vt 0.7555622 0.529557
vt 0.6942694 0.47165424
vt 0.69344085 0.46281198
vt 0.6950713 0.48259088
vt 0.707749 0.4613267
vt 0.8706801 0.5641651
vt 0.93843174 0.60852563
vt 0.80708563 0.5459531
vt 0.8732412 0.6525768
vt 0.80495524 0.63477147
vt 0.8147794 0.6965054
vt 0.80818087 0.5717615
vt 0.7780175 0.6056223
vt 0.7554699 0.6697866
vt 0.764964 0.7309711
vt 0.9433749 0.6589849
vt 0.87941444 0.70843196
vt 0.8289306 0.7621696
vt 0.8963171 0.7531637
vt 0.84474397 0.8177272
vt 0.7785721 0.80407584
vt 0.7923522 0.8719566
vt 0.72260284 0.8357034
vt 0.73861516 0.90634274
vt 0.94730866 0.69066
vt 0.7130265 0.7608129
vt 0.7074506 0.69367564
vt 0.7407552 0.6510385
vt 0.6820173 0.934788
vt 0.6627624 0.8585137
vt 0.61277926 0.956166
vt 0.6058531 0.8699528
vt 0.5482832 0.96384
vt 0.54980433 0.8713341
vt 0.5 0.9634868
vt 0.5 0.8708838
vt 0.6035967 0.7782686
vt 0.6564443 0.7761024
vt 0.5494695 0.777856
vt 0.5 0.7739128
vt 0.60601616 0.6995652
vt 0.6554704 0.7016958
vt 0.6549774 0.67836016
vt 0.6101122 0.67497957
vt 0.5643964 0.6639232
vt 0.5471386 0.6873373
vt 0.5 0.68697774
vt 0.701895 0.66973317
vt 0.5348935 0.65154314
vt 0.5 0.6539482
vt 0.5298556 0.6186131
vt 0.5 0.622903
vt 0.5 0.57656085
vt 0.52517116 0.5741965
vt 0.5606724 0.6056097
vt 0.5794269 0.63417596
vt 0.5836472 0.5887704
vt 0.59594417 0.6021373
vt 0.6119144 0.61147857
vt 0.60546243 0.5849547
vt 0.61985487 0.5913037
vt 0.6186464 0.64949626
vt 0.62991834 0.6161315
vt 0.5950127 0.576211
vt 0.5763977 0.5752043
vt 0.58956915 0.5661306
vt 0.5554755 0.56461555
vt 0.57496774 0.5578022
vt 0.58761036 0.5525075
vt 0.58325213 0.5374777
vt 0.5707691 0.5361664
vt 0.5543959 0.5352374
vt 0.5678991 0.5040222
vt 0.527956 0.51755124
vt 0.582296 0.5133366
vt 0.54811084 0.4776356
vt 0.5919648 0.52266365
vt 0.5914242 0.539342
vt 0.59897596 0.52838725
vt 0.5921129 0.5631955
vt 0.5890262 0.48292106
vt 0.5975843 0.49715146
vt 0.6046172 0.5100007
vt 0.6094789 0.51839143
vt 0.5750103 0.4596812
vt 0.558241 0.4319559
vt 0.533921 0.4464985
vt 0.51973194 0.49482813
vt 0.5410843 0.4040016
vt 0.5210583 0.42230728
vt 0.5132855 0.46364713
vt 0.5067167 0.4379322
vt 0.5 0.4448512
vt 0.5 0.4689892
vt 0.50467473 0.42921355
vt 0.51007605 0.41591606
vt 0.51796305 0.39701182
vt 0.5 0.42696625
vt 0.5 0.41057134
vt 0.5 0.3942761
vt 0.5 0.438167
vt 0.5 0.49895358
vt 0.5 0.5192385
vt 0.52310646 0.5432698
vt 0.5 0.5451195
vt 0.5 0.3787793
vt 0.5162593 0.3802052
vt 0.5140586 0.36503595
vt 0.5 0.36501294
vt 0.5 0.35016719
vt 0.51414824 0.34954232
vt 0.52727604 0.36110076
vt 0.53275347 0.3775767
vt 0.5411836 0.35216457
vt 0.52650976 0.3479374
vt 0.53962886 0.34252852
vt 0.5275153 0.334171
vt 0.5375351 0.334171
vt 0.550594 0.36618042
vt 0.5482156 0.3373663
vt 0.5456284 0.334171
vt 0.5 0.334171
vt 0.5173172 0.334171
vt 0.5524497 0.34267634
vt 0.5622977 0.3528648
vt 0.5691799 0.3790949
vt 0.5804172 0.36556062
vt 0.60279346 0.37804118
vt 0.58341193 0.3478534
vt 0.60858756 0.35173723
vt 0.5541762 0.33671638
vt 0.5501406 0.33532065
vt 0.5654614 0.34458524
vt 0.5627976 0.3283658
vt 0.57867706 0.32789838
vt 0.5531851 0.3321328
vt 0.56048137 0.3074916
vt 0.5783986 0.29398006
vt 0.54125094 0.27135015
vt 0.5438813 0.25757703
vt 0.5926584 0.28326494
vt 0.51359165 0.2483288
vt 0.5147151 0.2621183
vt 0.5 0.26143366
vt 0.5 0.24838635
vt 0.5 0.2850768
vt 0.515643 0.28533044
vt 0.51569974 0.30309463
vt 0.5 0.30237818
vt 0.5144658 0.3176882
vt 0.5 0.31756818
vt 0.5291743 0.32054895
vt 0.5339807 0.30750158
vt 0.5144557 0.32566217
vt 0.5 0.32607263
vt 0.5 0.334171
vt 0.51740944 0.334171
vt 0.53971374 0.29093382
vt 0.54956603 0.31757084
vt 0.54201734 0.3249826
vt 0.53950477 0.32869896
vt 0.5280868 0.32665733
vt 0.53759944 0.334171
vt 0.52756727 0.334171
vt 0.5457233 0.334171
vt 0.54991245 0.3327796
vt 0.5464723 0.334171
vt 0.7181102 0.5770014
vt 0.7232036 0.57077634
vt 0.7457321 0.5884065
vt 0.7442375 0.5637201
vt 0.7192411 0.5992679
vt 0.7315627 0.6254538
vt 0.70854694 0.5839331
vt 0.6959917 0.6074082
vt 0.69993544 0.64299965
vt 0.6761847 0.61316925
vt 0.6559482 0.6522036
vt 0.69165885 0.59112334
vt 0.6739047 0.5952479
vt 0.6562425 0.616683
vt 0.6556072 0.5962752
vt 0.75443023 0.62420005
vt 0.7610793 0.5789343
vt 0.77825785 0.5761265
vt 0.7766608 0.5508312
vt 0.7592551 0.55451876
vt 0.7412773 0.54142654
vt 0.72713125 0.5253209
vt 0.7288002 0.5488237
vt 0.71595055 0.5396606
vt 0.708892 0.52824545
vt 0.7129165 0.51254845
vt 0.6952941 0.50085336
vt 0.6973295 0.5196417
vt 0.6879538 0.51227844
vt 0.6762219 0.49493185
vt 0.6772321 0.508761
vt 0.67435974 0.4792135
vt 0.6108737 0.5207215
vt 0.6230234 0.5123707
vt 0.62435555 0.5147391
vt 0.6094789 0.51839143
vt 0.59897596 0.52838725
vt 0.60085964 0.5306281
vt 0.5914242 0.539342
vt 0.5940097 0.54084384
vt 0.59044033 0.55203754
vt 0.58761036 0.5525075
vt 0.5946527 0.5616169
vt 0.5921129 0.5631955
vt 0.6391641 0.5087256
vt 0.63977724 0.51167923
vt 0.65845823 0.5075999
vt 0.65907323 0.5104294
vt 0.6772321 0.508761
vt 0.6772884 0.5114989
vt 0.6879538 0.51227844
vt 0.687233 0.51523256
vt 0.6973295 0.5196417
vt 0.695675 0.52230006
vt 0.60159314 0.5686519
vt 0.59937793 0.5709529
vt 0.6105269 0.57549924
vt 0.6092765 0.5783421
vt 0.6235389 0.580443
vt 0.62265116 0.5832884
vt 0.63859046 0.58590716
vt 0.63957393 0.58292687
vt 0.6546196 0.58641225
vt 0.6551748 0.58326495
vt 0.67172194 0.58524656
vt 0.6718821 0.58196574
vt 0.6886599 0.5824132
vt 0.6880906 0.57917255
vt 0.70373124 0.576577
vt 0.70276284 0.5737811
vt 0.71636343 0.56548214
vt 0.7142215 0.56380486
vt 0.7172548 0.55462843
vt 0.71392673 0.555385
vt 0.70972776 0.54381466
vt 0.71258456 0.54188985
vt 0.7035874 0.5330959
vt 0.70593137 0.53065526
vt 0.5745398 0.027195923
vt 0.57862747 0.05301352
vt 0.55347145 0.035810072
vt 0.597009 0.03460284
vt 0.5445391 0.052262794
vt 0.5452425 0.068896644
vt 0.5558376 0.08502845
vt 0.61355674 0.05546465
vt 0.5726425 0.0907849
vt 0.5952911 0.08897368
vt 0.6174855 0.083778776
vt 0.5591705 0.10326522
vt 0.6099997 0.10205575
vt 0.61857855 0.09459076
vt 0.6254931 0.086063586
vt 0.62728226 0.07652893
vt 0.60521173 0.02456649
vt 0.6130316 0.032972716
vt 0.61864793 0.040061533
vt 0.54946804 0.0944458
vt 0.54280055 0.085280634
vt 0.54020065 0.075668745
vt 0.5716548 0.10819168
vt 0.58480495 0.1099743
vt 0.59712493 0.1074485
vt 0.53925055 0.0642043
vt 0.53854835 0.053838737
vt 0.54220366 0.04131756
vt 0.5503512 0.029917777
vt 0.5612241 0.021148272
vt 0.57459444 0.017156826
vt 0.59200054 0.018799737
vt 0.62394756 0.049783893
vt 0.6266671 0.06502067
vt 0.70593137 0.53065526
vt 0.71258456 0.54188985
vt 0.72122246 0.55217624
vt 0.7172548 0.55462843
vt 0.7252169 0.5618551
vt 0.71636343 0.56548214
vt 0.70373124 0.576577
vt 0.6886599 0.5824132
vt 0.67172194 0.58524656
vt 0.6546196 0.58641225
vt 0.63649917 0.5951556
vt 0.63859046 0.58590716
vt 0.62265116 0.5832884
vt 0.6092765 0.5783421
vt 0.59937793 0.5709529
vt 0.6080959 0.39886034
vt 0.61901534 0.37099195
vt 0.6424495 0.36273378
vt 0.65725327 0.35357273
vt 0.60962284 0.32328928
vt 0.6355574 0.31376013
vt 0.60724676 0.27042675
vt 0.54858136 0.24601977
vt 0.514573 0.23814522
vt 0.5 0.23839793
vt 0.6565076 0.3026109
vt 0.5 0.22601974
vt 0.5173212 0.2280384
vt 0.5 0.17399853
vt 0.5920205 0.19713624
vt 0.55481523 0.23622696
vt 0.65996623 0.22548838
vt 0.61998713 0.25966552
vt 0.72108006 0.2557659
vt 0.6806165 0.29661316
vt 0.6883757 0.33008608
vt 0.670768 0.34416988
vt 0.5544343 0.39176202
vt 0.94490016 0.11376538
vt 0.93894315 0.09896338
vt 0.95594716 0.10439838
vt 0.9583001 0.09319038
vt 0.9600432 0.09861338
vt 0.9329982 0.11889838
vt 0.91885424 0.10237137
vt 0.91885424 0.12147538
vt 0.95724416 0.07873538
vt 0.9375311 0.08414238
vt 0.91885424 0.08674637
vt 0.96148515 0.09290238
vt 0.96071815 0.09759538
vt 0.9609381 0.07825238
vt 0.9549831 0.06413638
vt 0.93488014 0.06700138
vt 0.91885424 0.06756238
vt 0.9565371 0.05858638
vt 0.9337561 0.05881738
vt 0.9357941 0.051356383
vt 0.91885424 0.050340384
vt 0.91885424 0.03300038
vt 0.9380021 0.03483238
vt 0.91885424 0.018251382
vt 0.9391061 0.020832382
vt 0.93229115 0.0045773797
vt 0.91885424 0.0027613798
vt 0.9470681 0.012186379
vt 0.95655715 0.040176384
vt 0.9563352 0.027384382
vt 0.95202017 0.017335381
vt 0.9604212 0.04096038
vt 0.9594891 0.02736438
vt 0.9549601 0.054121383
vt 0.9564861 0.022663381
vt 0.9573182 0.023292381
vt 0.9054173 0.0045773797
vt 0.89860237 0.020832382
vt 0.8906404 0.012186379
vt 0.8856883 0.017335381
vt 0.8813733 0.027384382
vt 0.8811513 0.040176384
vt 0.89970636 0.03483238
vt 0.87728727 0.04096038
vt 0.87821937 0.02736438
vt 0.90191436 0.051356383
vt 0.88274837 0.054121383
vt 0.88117135 0.05858638
vt 0.90395236 0.05881738
vt 0.91885424 0.058544382
vt 0.90282834 0.06700138
vt 0.90017736 0.08414238
vt 0.8987653 0.09896338
vt 0.9047103 0.11889838
vt 0.8928083 0.11376538
vt 0.8817613 0.10439838
vt 0.87940836 0.09319038
vt 0.8776653 0.09861338
vt 0.8804643 0.07873538
vt 0.8762233 0.09290238
vt 0.8769903 0.09759538
vt 0.8767704 0.07825238
vt 0.88272536 0.06413638
vt 0.3459775 0.47851726
vt 0.3493135 0.46312293
vt 0.37035346 0.46399257
vt 0.3793056 0.44250146
vt 0.40484226 0.44924197
vt 0.3535713 0.44164872
vt 0.38629794 0.41879562
vt 0.4191997 0.42305765
vt 0.3596096 0.4186264
vt 0.33041084 0.44159958
vt 0.32779777 0.46339336
vt 0.39326322 0.47200823
vt 0.38585472 0.48753634
vt 0.36676294 0.48097166
vt 0.38037634 0.50177455
vt 0.36335582 0.4962215
vt 0.34333766 0.4944017
vt 0.3608359 0.5087256
vt 0.34154177 0.5075999
vt 0.3769766 0.5123707
vt 0.33578777 0.41770217
vt 0.40819752 0.3998257
vt 0.43225718 0.40224612
vt 0.36723053 0.39733198
vt 0.34412098 0.39244023
vt 0.31250352 0.41379085
vt 0.3092776 0.44111544
vt 0.28115952 0.43651864
vt 0.27002305 0.4583645
vt 0.2591381 0.42793384
vt 0.2758116 0.39916882
vt 0.29672498 0.40931302
vt 0.3196488 0.38044706
vt 0.24817348 0.39119262
vt 0.28473103 0.34876668
vt 0.30550808 0.3651137
vt 0.26071095 0.33202076
vt 0.21573979 0.37864688
vt 0.13890874 0.36265552
vt 0.2310226 0.2833696
vt 0.17258215 0.43753427
vt 0.23091924 0.4203823
vt 0.24770486 0.45466468
vt 0.23489428 0.48776987
vt 0.21709383 0.44758743
vt 0.20481455 0.48045522
vt 0.19642997 0.51604795
vt 0.1442548 0.50400716
vt 0.08779216 0.47028407
vt 0.06878352 0.55117583
vt 0.22680151 0.52338403
vt 0.25639462 0.49150285
vt 0.2800846 0.48053786
vt 0.2641732 0.50709224
vt 0.2830512 0.49215493
vt 0.24443781 0.529557
vt 0.30573058 0.47165424
vt 0.30655915 0.46281198
vt 0.30492872 0.48259088
vt 0.292251 0.4613267
vt 0.1293199 0.5641651
vt 0.06156826 0.60852563
vt 0.19291437 0.5459531
vt 0.12675881 0.6525768
vt 0.19504476 0.63477147
vt 0.1852206 0.6965054
vt 0.19181913 0.5717615
vt 0.22198248 0.6056223
vt 0.24453008 0.6697866
vt 0.23503602 0.7309711
vt 0.056625128 0.6589849
vt 0.12058556 0.70843196
vt 0.17106938 0.7621696
vt 0.10368288 0.7531637
vt 0.15525603 0.8177272
vt 0.22142792 0.80407584
vt 0.2076478 0.8719566
vt 0.27739716 0.8357034
vt 0.26138484 0.90634274
vt 0.05269134 0.69066
vt 0.28697348 0.7608129
vt 0.29254937 0.69367564
vt 0.2592448 0.6510385
vt 0.31798267 0.934788
vt 0.3372376 0.8585137
vt 0.38722074 0.956166
vt 0.39414692 0.8699528
vt 0.45171678 0.96384
vt 0.45019567 0.8713341
vt 0.3964033 0.7782686
vt 0.3435557 0.7761024
vt 0.45053053 0.777856
vt 0.39398384 0.6995652
vt 0.34452963 0.7016958
vt 0.34502262 0.67836016
vt 0.3898878 0.67497957
vt 0.43560362 0.6639232
vt 0.45286143 0.6873373
vt 0.298105 0.66973317
vt 0.4651065 0.65154314
vt 0.4701444 0.6186131
vt 0.47482884 0.5741965
vt 0.4393276 0.6056097
vt 0.42057312 0.63417596
vt 0.4163528 0.5887704
vt 0.40405583 0.6021373
vt 0.3880856 0.61147857
vt 0.39453757 0.5849547
vt 0.38014513 0.5913037
vt 0.38135362 0.64949626
vt 0.37008166 0.6161315
vt 0.40498728 0.576211
vt 0.42360228 0.5752043
vt 0.41043085 0.5661306
vt 0.44452453 0.56461555
vt 0.42503226 0.5578022
vt 0.41238964 0.5525075
vt 0.41674787 0.5374777
vt 0.42923093 0.5361664
vt 0.4456041 0.5352374
vt 0.4321009 0.5040222
vt 0.472044 0.51755124
vt 0.417704 0.5133366
vt 0.45188916 0.4776356
vt 0.40803522 0.52266365
vt 0.40857577 0.539342
vt 0.40102404 0.52838725
vt 0.4078871 0.5631955
vt 0.4109738 0.48292106
vt 0.4024157 0.49715146
vt 0.39538282 0.5100007
vt 0.3905211 0.51839143
vt 0.4249897 0.4596812
vt 0.441759 0.4319559
vt 0.466079 0.4464985
vt 0.48026806 0.49482813
vt 0.4589157 0.4040016
vt 0.47894168 0.42230728
vt 0.48671448 0.46364713
vt 0.49328327 0.4379322
vt 0.49532527 0.42921355
vt 0.48992395 0.41591606
vt 0.48203695 0.39701182
vt 0.47689354 0.5432698
vt 0.4837407 0.3802052
vt 0.4859414 0.36503595
vt 0.48585176 0.34954232
vt 0.47272396 0.36110076
vt 0.46724653 0.3775767
vt 0.4588164 0.35216457
vt 0.47349024 0.3479374
vt 0.46037114 0.34252852
vt 0.4724847 0.334171
vt 0.46246493 0.334171
vt 0.44940603 0.36618042
vt 0.45178437 0.3373663
vt 0.45437157 0.334171
vt 0.48268282 0.334171
vt 0.4475503 0.34267634
vt 0.4377023 0.3528648
vt 0.4308201 0.3790949
vt 0.41958278 0.36556062
vt 0.39720654 0.37804118
vt 0.41658807 0.3478534
vt 0.39141244 0.35173723
vt 0.4458238 0.33671638
vt 0.44985938 0.33532065
vt 0.4345386 0.34458524
vt 0.4372024 0.3283658
vt 0.42132294 0.32789838
vt 0.4468149 0.3321328
vt 0.43951863 0.3074916
vt 0.4216014 0.29398006
vt 0.45874906 0.27135015
vt 0.4561187 0.25757703
vt 0.4073416 0.28326494
vt 0.48640835 0.2483288
vt 0.48528492 0.2621183
vt 0.484357 0.28533044
vt 0.48430026 0.30309463
vt 0.4855342 0.3176882
vt 0.47082567 0.32054895
vt 0.46601927 0.30750158
vt 0.48554432 0.32566217
vt 0.48259056 0.334171
vt 0.46028626 0.29093382
vt 0.45043397 0.31757084
vt 0.45798266 0.3249826
vt 0.46049523 0.32869896
vt 0.47191322 0.32665733
vt 0.46240056 0.334171
vt 0.47243273 0.334171
vt 0.45427668 0.334171
vt 0.45008755 0.3327796
vt 0.4535277 0.334171
vt 0.2767964 0.57077634
vt 0.2818898 0.5770014
vt 0.25426787 0.5884065
vt 0.25576252 0.5637201
vt 0.28075892 0.5992679
vt 0.26843733 0.6254538
vt 0.29145306 0.5839331
vt 0.3040083 0.6074082
vt 0.30006456 0.64299965
vt 0.3238153 0.61316925
vt 0.34405178 0.6522036
vt 0.30834115 0.59112334
vt 0.32609528 0.5952479
vt 0.3437575 0.616683
vt 0.34439278 0.5962752
vt 0.24556977 0.62420005
vt 0.23892069 0.5789343
vt 0.22174215 0.5761265
vt 0.2233392 0.5508312
vt 0.24074489 0.55451876
vt 0.25872272 0.54142654
vt 0.27286875 0.5253209
vt 0.27119982 0.5488237
vt 0.28404945 0.5396606
vt 0.291108 0.52824545
vt 0.2870835 0.51254845
vt 0.30470592 0.50085336
vt 0.30267048 0.5196417
vt 0.31204617 0.51227844
vt 0.3237781 0.49493185
vt 0.3227679 0.508761
vt 0.32564026 0.4792135
vt 0.3891263 0.5207215
vt 0.3769766 0.5123707
vt 0.3905211 0.51839143
vt 0.37564445 0.5147391
vt 0.40102404 0.52838725
vt 0.39914036 0.5306281
vt 0.40857577 0.539342
vt 0.4059903 0.54084384
vt 0.40955967 0.55203754
vt 0.41238964 0.5525075
vt 0.4053473 0.5616169
vt 0.4078871 0.5631955
vt 0.3608359 0.5087256
vt 0.36022276 0.51167923
vt 0.34154177 0.5075999
vt 0.34092677 0.5104294
vt 0.3227679 0.508761
vt 0.3227116 0.5114989
vt 0.31204617 0.51227844
vt 0.31276703 0.51523256
vt 0.30267048 0.5196417
vt 0.30432498 0.52230006
vt 0.39840686 0.5686519
vt 0.40062207 0.5709529
vt 0.38947308 0.57549924
vt 0.39072353 0.5783421
vt 0.3764611 0.580443
vt 0.37734884 0.5832884
vt 0.36140954 0.58590716
vt 0.36042607 0.58292687
vt 0.34538043 0.58641225
vt 0.3448252 0.58326495
vt 0.32827806 0.58524656
vt 0.3281179 0.58196574
vt 0.3113401 0.5824132
vt 0.31190938 0.57917255
vt 0.29626876 0.576577
vt 0.29723716 0.5737811
vt 0.28363657 0.56548214
vt 0.28577852 0.56380486
vt 0.28274518 0.55462843
vt 0.28607327 0.555385
vt 0.29027224 0.54381466
vt 0.28741544 0.54188985
vt 0.2964126 0.5330959
vt 0.29406863 0.53065526
vt 0.42137253 0.05301352
vt 0.42546022 0.027195923
vt 0.44652855 0.035810072
vt 0.402991 0.03460284
vt 0.4554609 0.052262794
vt 0.4547575 0.068896644
vt 0.44416243 0.08502845
vt 0.38644326 0.05546465
vt 0.4273575 0.0907849
vt 0.40470892 0.08897368
vt 0.38251448 0.083778776
vt 0.44082952 0.10326522
vt 0.39000028 0.10205575
vt 0.38142145 0.09459076
vt 0.3745069 0.086063586
vt 0.37271774 0.07652893
vt 0.39478827 0.02456649
vt 0.38696837 0.032972716
vt 0.38135207 0.040061533
vt 0.45053196 0.0944458
vt 0.45719945 0.085280634
vt 0.45979935 0.075668745
vt 0.4283452 0.10819168
vt 0.41519505 0.1099743
vt 0.40287507 0.1074485
vt 0.46074945 0.0642043
vt 0.46145165 0.053838737
vt 0.45779634 0.04131756
vt 0.4496488 0.029917777
vt 0.4387759 0.021148272
vt 0.42540556 0.017156826
vt 0.40799946 0.018799737
vt 0.37333292 0.06502067
vt 0.37605244 0.049783893
vt 0.29406863 0.53065526
vt 0.28741544 0.54188985
vt 0.27877754 0.55217624
vt 0.28274518 0.55462843
vt 0.27478307 0.5618551
vt 0.28363657 0.56548214
vt 0.29626876 0.576577
vt 0.3113401 0.5824132
vt 0.32827806 0.58524656
vt 0.34538043 0.58641225
vt 0.36350083 0.5951556
vt 0.36140954 0.58590716
vt 0.37734884 0.5832884
vt 0.39072353 0.5783421
vt 0.40062207 0.5709529
vt 0.39190412 0.39886034
vt 0.38098466 0.37099195
vt 0.3575505 0.36273378
vt 0.34274673 0.35357273
vt 0.39037716 0.32328928
vt 0.3644426 0.31376013
vt 0.39275324 0.27042675
vt 0.45141864 0.24601977
vt 0.48542702 0.23814522
vt 0.3434924 0.3026109
vt 0.48267877 0.2280384
vt 0.4079795 0.19713624
vt 0.44518477 0.23622696
vt 0.34003377 0.22548838
vt 0.38001287 0.25966552
vt 0.27891994 0.2557659
vt 0.3193835 0.29661316
vt 0.3116243 0.33008608
vt 0.32923198 0.34416988
vt 0.4455657 0.39176202
vt 0.88122237 0.022663381
vt 0.8803903 0.023292381
vt 0.7521088 0.9443316
vt 0.7550683 0.9594905
vt 0.78255343 0.9500113
vt 0.76881117 0.96496207
vt 0.7860423 0.967998
vt 0.8103752 0.95483273
vt 0.8106572 0.9687178
vt 0.83973646 0.95699334
vt 0.84054786 0.9678169
vt 0.8667055 0.95617807
vt 0.8682332 0.9660955
vt 0.8958855 0.95364106
vt 0.8980262 0.9604143
vt 0.92636997 0.9477192
vt 0.7473247 0.9516057
vt 0.74057406 0.9414247
vt 0.1210514 0.2666756
vt 0.11590934 0.27881157
vt 0.12512052 0.27112716
vt 0.1124391 0.2754358
vt 0.13028313 0.25875422
vt 0.13513994 0.2644366
vt 0.14189267 0.25327718
vt 0.14479516 0.25980353
vt 0.15232632 0.25078732
vt 0.15444049 0.2563885
vt 0.10460976 0.28553006
vt 0.10817149 0.28842103
vt 0.09764409 0.29597655
vt 0.10137269 0.29862607
vt 0.095433325 0.31003627
vt 0.091638684 0.30859116
vt 0.09028113 0.32244444
vt 0.08618808 0.32129863
vt 0.08594245 0.33428985
vt 0.08191943 0.33351263
vt 0.08258939 0.34530103
vt 0.07875025 0.3448969
vt 0.079760015 0.3568464
vt 0.07654035 0.35665554
vt 0.07725561 0.36847588
vt 0.0749374 0.36853346
vt 0.0728662 0.38907766
vt 0.15757203 0.25087762
vt 0.16095224 0.255123
vt 0.08642018 0.26245072
vt 0.097157225 0.25516322
vt 0.092314035 0.25138137
vt 0.08994052 0.26510468
vt 0.105111 0.24595942
vt 0.099322766 0.24069072
vt 0.10527197 0.23370233
vt 0.11577904 0.23881993
vt 0.112746 0.22753985
vt 0.12572758 0.23480906
vt 0.12009506 0.22319865
vt 0.08185658 0.27511692
vt 0.08369613 0.27624917
vt 0.0783581 0.2876138
vt 0.12645869 0.22100845
vt 0.13092859 0.23411977
vt 0.1328985 0.22217387
vt 0.13877732 0.22816484
vt 0.13490146 0.23781642
vt 0.1403167 0.23561679
vn -0.5309864 0.7000452 -0.47748312
vn -0.4493857 0.7607788 -0.46826074
vn -0.4302862 0.7731602 -0.46591544
vn -0.5109039 0.57795125 -0.63635653
vn -0.360992 0.8194832 -0.4451202
vn -0.59988916 0.5423069 -0.5882484
vn -0.5066678 0.42290777 -0.7512901
vn -0.36833337 0.35837916 -0.85784316
vn -0.30170402 0.35618928 -0.8843664
vn -0.4138283 0.3508798 -0.8400176
vn -0.32711408 0.8306965 -0.45048836
vn -0.28199637 0.8369987 -0.46894702
vn -0.26239073 0.83386576 -0.48561203
vn -0.26046777 0.83965427 -0.47658917
vn -0.21733455 0.84047955 -0.49634635
vn -0.21418214 0.8398646 -0.4987519
vn -0.18721876 0.8523093 -0.48838294
vn -0.18598512 0.8562939 -0.48184043
vn -0.16593072 0.8887671 -0.42727035
vn -0.16302642 0.8866218 -0.43280968
vn -0.1816136 0.86655736 -0.4648599
vn -0.18914971 0.8209765 -0.53872067
vn -0.24055347 0.8502555 -0.4681876
vn -0.2137388 0.7450233 -0.63186705
vn -0.12497751 0.65415794 -0.7459611
vn -0.2440487 0.7408089 -0.6258134
vn -0.2051033 0.6074171 -0.7674484
vn -0.086759284 0.6256994 -0.77522457
vn 0.03282204 0.24755979 -0.9683165
vn -0.10689977 0.5969551 -0.79512066
vn 0.016368585 0.40507552 -0.91413665
vn -0.02162447 0.3826793 -0.92362815
vn 0.08910651 0.14730053 -0.9850699
vn 0.08125014 -0.035416357 -0.99606425
vn 0.075874455 -0.064686835 -0.995017
vn 0.14112388 -0.16483633 -0.9761727
vn 0.17877549 -0.19170351 -0.9650332
vn 0.2280678 -0.35592848 -0.9062561
vn 0.23759261 -0.3994035 -0.8854528
vn 0.21738122 -0.47268766 -0.8539976
vn 0.69459003 -0.65652364 -0.29414538
vn 0.6503948 -0.69938487 -0.29639056
vn 0.6442916 -0.7049208 -0.2966057
vn 0.69459003 -0.65652364 -0.29414538
vn 0.54266614 -0.7903099 -0.28447074
vn 0.5285281 -0.8006359 -0.2822061
vn 0.7274004 -0.6273031 -0.2781717
vn 0.35618433 -0.8975909 -0.25973684
vn 0.35316682 -0.89889485 -0.25934783
vn 0.16382375 -0.9533194 -0.25366116
vn 0.15753126 -0.95426124 -0.25410518
vn 0.028796805 -0.96307826 -0.2676773
vn 0.022558352 -0.96293694 -0.2687817
vn -0.06655517 -0.9600309 -0.2718658
vn -0.07492372 -0.95970273 -0.27084535
vn -0.15103687 -0.9514068 -0.26835227
vn -0.15759327 -0.95022863 -0.26875642
vn -0.2579137 -0.92990047 -0.26223186
vn -0.26804465 -0.92746913 -0.26067796
vn -0.46959743 -0.86315995 -0.18556145
vn -0.5030617 -0.84789556 -0.16733828
vn -0.845496 -0.53353995 -0.021719204
vn -0.92460203 -0.38071266 0.012997067
vn -0.96707535 0.22437489 0.12008813
vn -0.9706242 0.20947608 0.11835706
vn -0.9070862 0.39325723 0.1501445
vn -0.8990726 0.40939742 0.15512018
vn -0.8368606 0.5104511 0.19774713
vn -0.8325572 0.51543975 0.20290498
vn -0.7898459 0.5600022 0.25008193
vn -0.46918446 0.8409536 0.26956064
vn -0.61862886 0.7190323 0.31668735
vn -0.45808873 0.84775895 0.26731896
vn -0.6228635 0.71302426 0.32192785
vn -0.67448896 0.6252939 0.3925203
vn -0.6702292 0.6339865 0.3858159
vn -0.326465 0.92190397 0.20859957
vn -0.32860014 0.92071563 0.21048686
vn -0.7161106 0.52098125 0.46450415
vn -0.2935666 0.93891287 0.17961405
vn -0.2935666 0.93891287 0.17961407
vn -0.092096135 0.970834 0.22135815
vn -0.13403594 0.96163625 0.23935314
vn -0.09738865 0.9697917 0.22365071
vn -0.13403594 0.96163625 0.23935309
vn 0.027350921 0.97978675 0.19816647
vn 0.06623436 0.9793002 0.19126964
vn 0.20401454 0.96464646 0.16683903
vn 0.21876982 0.9615936 0.16576329
vn 0.23987272 0.9568255 0.16415222
vn 0.2398727 0.9568255 0.16415222
vn 0.1891625 0.9664923 0.17352279
vn 0.17191483 0.9698958 0.17247498
vn 0.10954838 0.97900337 0.17190568
vn 0.07963766 0.9816072 0.1735086
vn -0.023923846 0.9837711 0.17782629
vn 0.43527883 -0.11439331 0.8929986
vn 0.396981 -0.097341575 0.9126503
vn 0.39259893 -0.076009795 0.91656345
vn 0.35257944 -0.044255678 0.9347349
vn 0.36959586 -0.1306373 0.9199635
vn 0.48997074 -0.16303544 0.85635746
vn 0.46099016 -0.212181 0.86166537
vn 0.43821216 -0.19711824 0.8769918
vn 0.39552924 -0.17241009 0.902126
vn 0.43643448 -0.24400185 0.86601853
vn 0.40876675 -0.21834221 0.8861356
vn 0.44841182 -0.26656127 0.8531541
vn 0.51439196 -0.44320533 0.7341457
vn 0.46713862 -0.2988774 0.8321381
vn 0.4174199 -0.6021118 0.68060416
vn 0.4886559 -0.5915669 0.64129865
vn 0.3892333 -0.6089881 0.69110864
vn 0.34566286 -0.6243446 0.70050764
vn 0.3530313 -0.6149196 0.7051544
vn 0.33351007 -0.61976373 0.71039706
vn 0.33177742 -0.6197327 0.7112348
vn 0.31257698 -0.6224871 0.71749943
vn 0.3159606 -0.6201862 0.71800965
vn 0.5566304 -0.5063754 0.65859455
vn 0.5250745 -0.60406923 0.5994975
vn 0.50746703 -0.5868867 0.63090503
vn 0.5486706 -0.5727531 0.60902756
vn 0.49248266 -0.6455641 0.58370185
vn 0.47222897 -0.5788617 0.6647699
vn 0.29493916 -0.6284453 0.719769
vn 0.2701237 -0.6391293 0.7201021
vn 0.3233902 -0.6319325 0.7043295
vn 0.2512899 -0.6350071 0.73049253
vn 0.22479253 -0.61008006 0.75978327
vn 0.10995352 -0.6217701 0.7754432
vn 0.24939443 -0.62349993 0.7409794
vn 0.27803242 -0.59743536 0.75217617
vn 0.27129862 -0.59636337 0.75547856
vn 0.29353452 -0.5788194 0.76079273
vn 0.29225275 -0.5724889 0.76605785
vn 0.30372036 -0.55555385 0.7740244
vn 0.33824906 -0.5785822 0.74217933
vn 0.33838165 -0.57860935 0.74209774
vn 0.3087966 -0.49730742 0.8107588
vn 0.3260845 -0.48554704 0.81111836
vn 0.33198902 -0.48274052 0.810398
vn 0.3395179 -0.4755382 0.8115363
vn -0.103636526 -0.3646778 0.9253484
vn 0.19518992 -0.41260374 0.8897522
vn -0.15917186 -0.32621822 0.93179715
vn 0.19201423 -0.34511167 0.91871023
vn 0.4826046 -0.42031628 0.76839244
vn 0.49827203 -0.32651246 0.80319023
vn 0.17171413 -0.27750725 0.9452533
vn 0.81270355 -0.51577944 -0.27108017
vn 0.68757355 -0.58861107 -0.4251817
vn 0.6841707 -0.59047735 -0.4280735
vn 0.821896 -0.51062566 -0.25248438
vn 0.53472644 -0.6642112 -0.5223899
vn 0.5157611 -0.67549485 -0.52696973
vn 0.43312252 -0.7191896 -0.5432966
vn 0.8520377 -0.5048789 -0.1383076
vn 0.8527887 -0.501093 -0.14716351
vn 0.8472344 -0.5240045 -0.08725324
vn 0.8471968 -0.5240459 -0.08737017
vn 0.8494299 -0.5215476 -0.08035456
vn 0.05214404 -0.9590636 -0.2783488
vn 0.05214404 -0.9590636 -0.2783488
vn 0.05214404 -0.9590636 -0.2783488
vn -0.9709862 0.15131766 0.18517227
vn -0.9660148 0.15475288 0.20704305
vn -0.9723345 0.15030679 0.17881139
vn -0.9660148 0.1547529 0.20704305
vn -0.98388726 0.13937205 0.111987665
vn -0.5829494 0.5153214 -0.628183
vn -0.4378309 0.31619948 -0.8416187
vn -0.46428367 0.2895166 -0.83703095
vn 0.40789872 -0.25285733 0.8773151
vn 0.40020788 -0.23668721 0.885332
vn 0.41144916 -0.25017026 0.8764271
vn 0.44053134 -0.2871653 0.8505694
vn 0.7482708 -0.53224456 -0.39598814
vn 0.7293603 -0.54408014 -0.4147414
vn 0.74462515 -0.5345931 -0.3996795
vn 0.7534134 -0.528875 -0.3907166
vn 0.7534134 -0.528875 -0.39071667
vn 0.2218474 0.8333025 0.5063504
vn 0.098425 0.81696117 0.5682314
vn 0.20602244 0.8320877 0.514961
vn 0.25683478 0.83503145 0.48657823
vn 0.25683478 0.83503145 0.48657823
vn 0.58084685 0.53498477 -0.6135211
vn 0.6788295 0.48333243 -0.5527932
vn 0.7041517 0.46609676 -0.535653
vn 0.5765909 0.53577787 -0.6168346
vn 0.5253732 0.5438926 -0.6543423
vn 0.73574656 0.4428524 -0.51240474
vn 0.73574656 0.44285247 -0.5124048
vn -0.73649323 0.56530815 -0.37148944
vn -0.7979544 0.47956678 -0.3650815
vn -0.7353974 0.5666518 -0.37161326
vn -0.79816407 0.47919986 -0.3651048
vn -0.83086705 0.4173594 -0.3680642
vn -0.71886843 0.5863968 -0.37331894
vn -0.7188684 0.58639675 -0.37331897
vn 0.4493923 0.76079154 -0.46823367
vn 0.5309886 0.70004797 -0.47747678
vn 0.43028888 0.7731655 -0.46590385
vn 0.5109035 0.5779513 -0.6363568
vn 0.36074355 0.81966376 -0.44498917
vn 0.5998921 0.5423077 -0.5882447
vn 0.5066691 0.42290866 -0.7512887
vn 0.36833555 0.35838205 -0.8578411
vn 0.30171305 0.35620013 -0.88435894
vn 0.41382468 0.35087642 -0.8400207
vn 0.3267902 0.8310821 -0.45001197
vn 0.2820527 0.83744407 -0.46811706
vn 0.26257104 0.83405876 -0.4851828
vn 0.2608156 0.8396388 -0.47642615
vn 0.21733376 0.8404788 -0.4963481
vn 0.21418156 0.8398651 -0.4987514
vn 0.18721917 0.85231197 -0.48837817
vn 0.1859858 0.8562976 -0.4818338
vn 0.16594166 0.88877594 -0.42724767
vn 0.16304214 0.88663095 -0.43278494
vn 0.18163346 0.86654055 -0.4648837
vn 0.18916391 0.8209637 -0.53873503
vn 0.24055114 0.8502077 -0.46827573
vn 0.21373576 0.745007 -0.63188726
vn 0.12498003 0.65417176 -0.74594855
vn 0.2440518 0.7408187 -0.62580055
vn 0.2051133 0.6074422 -0.7674259
vn 0.086758964 0.6256944 -0.77522856
vn -0.03282129 0.24755733 -0.96831715
vn 0.106900506 0.59693104 -0.79513884
vn -0.016367285 0.40504998 -0.91414803
vn 0.021622198 0.38267887 -0.9236284
vn -0.089107305 0.14729503 -0.9850706
vn -0.08125247 -0.0354156 -0.9960641
vn -0.0758741 -0.064684704 -0.9950171
vn -0.14112213 -0.16484517 -0.97617143
vn -0.17877339 -0.1917135 -0.9650316
vn -0.22810099 -0.35595202 -0.90623844
vn -0.23762202 -0.39941856 -0.88543814
vn -0.21738122 -0.47268766 -0.8539976
vn -0.69458324 -0.6565207 -0.29416773
vn -0.6503931 -0.6993859 -0.2963917
vn -0.6945833 -0.65652066 -0.29416776
vn -0.64429086 -0.70492226 -0.29660404
vn -0.5426674 -0.7903093 -0.28447002
vn -0.52852935 -0.8006348 -0.28220648
vn -0.72736275 -0.6272673 -0.2783506
vn -0.3561841 -0.89758515 -0.25975722
vn -0.35316652 -0.89888895 -0.25936857
vn -0.16382211 -0.9533131 -0.25368574
vn -0.15752967 -0.95425504 -0.2541293
vn -0.028795773 -0.9630779 -0.26767844
vn -0.022557393 -0.9629372 -0.2687808
vn 0.0665552 -0.9600291 -0.27187207
vn 0.07492392 -0.95969963 -0.27085614
vn 0.15103757 -0.9514014 -0.268371
vn 0.15759572 -0.95022345 -0.268773
vn 0.2579134 -0.92989635 -0.26224688
vn 0.26804385 -0.92746466 -0.2606951
vn 0.4695947 -0.86315453 -0.18559387
vn 0.50305986 -0.84789044 -0.16737002
vn 0.84549457 -0.5335412 -0.021742528
vn 0.9246015 -0.3807146 0.012978679
vn 0.9670766 0.22437277 0.12008241
vn 0.97062564 0.20947264 0.11835149
vn 0.9070866 0.3932612 0.15013161
vn 0.8990729 0.40940213 0.1551058
vn 0.8368528 0.5104494 0.19778489
vn 0.83254653 0.51543486 0.20296119
vn 0.78980446 0.559961 0.25030503
vn 0.61862206 0.7190285 0.3167093
vn 0.4691836 0.840954 0.26956087
vn 0.45808828 0.84775966 0.26731762
vn 0.6228562 0.71302044 0.32195038
vn 0.67448646 0.62529576 0.39252174
vn 0.6702245 0.6339864 0.3858244
vn 0.32619816 0.92214435 0.20795329
vn 0.3283468 0.9209466 0.2098707
vn 0.7161376 0.52101165 0.4644285
vn 0.29308805 0.93927354 0.17850687
vn 0.29308802 0.93927354 0.17850687
vn 0.09245673 0.97083986 0.22118251
vn 0.13547635 0.9616659 0.23842151
vn 0.13547635 0.9616659 0.2384215
vn 0.09788613 0.9698037 0.22338083
vn -0.027351225 0.9797785 0.19820684
vn -0.066234566 0.9792946 0.19129857
vn -0.2040148 0.96464676 0.16683699
vn -0.21876977 0.9615933 0.16576526
vn -0.2398722 0.9568243 0.16415998
vn -0.23987217 0.9568243 0.16415997
vn -0.18917769 0.9664755 0.17360018
vn -0.1719442 0.9698712 0.17258377
vn -0.109613 0.9789691 0.17205973
vn -0.079709776 0.9815772 0.17364475
vn 0.023833323 0.98375976 0.17790079
vn -0.39670816 -0.09681014 0.9128255
vn -0.4352261 -0.11432227 0.8930334
vn -0.39221263 -0.075953364 0.91673356
vn -0.35260147 -0.044200655 0.93472916
vn -0.3689369 -0.13015743 0.92029595
vn -0.48993137 -0.16301991 0.8563829
vn -0.46099633 -0.21218364 0.8616615
vn -0.43821704 -0.19712159 0.8769886
vn -0.39552784 -0.17240936 0.9021268
vn -0.43643904 -0.24401142 0.8660135
vn -0.4087543 -0.21834171 0.8861415
vn -0.44840905 -0.26656017 0.8531559
vn -0.51438344 -0.44319636 0.73415715
vn -0.46714976 -0.29888836 0.832128
vn -0.41741642 -0.6021103 0.68060756
vn -0.48865134 -0.59156334 0.6413055
vn -0.38923162 -0.6089872 0.6911102
vn -0.34566 -0.62434465 0.7005091
vn -0.35302824 -0.6149204 0.7051553
vn -0.33350983 -0.61976564 0.71039546
vn -0.33177772 -0.6197348 0.71123296
vn -0.31257868 -0.6224892 0.71749693
vn -0.31596217 -0.62018836 0.71800727
vn -0.55662733 -0.50636876 0.65860206
vn -0.5250744 -0.6040694 0.59949726
vn -0.5074715 -0.5868936 0.6308951
vn -0.54866356 -0.5727457 0.60904086
vn -0.492498 -0.6455888 0.58366156
vn -0.47222257 -0.5788546 0.6647805
vn -0.294952 -0.62844247 0.71976626
vn -0.2701275 -0.6391351 0.7200954
vn -0.32379094 -0.6319047 0.7041704
vn -0.2512761 -0.6350306 0.73047674
vn -0.22495902 -0.6103361 0.7595283
vn -0.10930137 -0.6216864 0.77560246
vn -0.24939373 -0.62349904 0.7409802
vn -0.27803254 -0.5974383 0.7521738
vn -0.27129734 -0.59636295 0.7554792
vn -0.2935344 -0.57882327 0.76078975
vn -0.2922535 -0.57249415 0.7660537
vn -0.30372253 -0.55555934 0.7740196
vn -0.3382543 -0.5785929 0.7421686
vn -0.3383719 -0.57859665 0.74211216
vn -0.30880886 -0.49732876 0.8107411
vn -0.32608584 -0.48554668 0.81111795
vn -0.3319882 -0.4827405 0.8103984
vn -0.33951795 -0.47553784 0.81153643
vn 0.10411543 -0.3644728 0.92537534
vn -0.19556361 -0.412622 0.8896617
vn 0.15886028 -0.32654947 0.9317343
vn -0.1931774 -0.3451403 0.91845566
vn -0.48335296 -0.42003462 0.7680761
vn -0.49868745 -0.32623777 0.8030441
vn -0.17290573 -0.2773894 0.9450707
vn -0.8126877 -0.51576924 -0.271147
vn -0.68722165 -0.5884776 -0.42593488
vn -0.8218876 -0.5106124 -0.25253838
vn -0.6838122 -0.590333 -0.42884466
vn -0.5328876 -0.66391814 -0.52463645
vn -0.51484084 -0.67439824 -0.5292693
vn -0.43007678 -0.7180333 -0.5472314
vn -0.85202545 -0.5048772 -0.13838917
vn -0.8527755 -0.50109136 -0.1472457
vn -0.8472311 -0.5240042 -0.08728716
vn -0.8471933 -0.5240456 -0.08740644
vn -0.8494362 -0.5215535 -0.08024967
vn -0.05214404 -0.9590636 -0.2783488
vn -0.05214404 -0.9590636 -0.2783488
vn -0.05214404 -0.9590636 -0.2783488
vn 0.9709854 0.15131709 0.185177
vn 0.9660126 0.15475205 0.20705439
vn 0.9660126 0.15475205 0.20705438
vn 0.9723341 0.15030627 0.17881423
vn 0.9838892 0.13937208 0.111970514
vn 0.5829712 0.5153378 -0.62814933
vn 0.46428367 0.2895166 -0.83703095
vn 0.4378309 0.31619948 -0.8416187
vn -0.40019554 -0.23668224 0.8853389
vn -0.40789235 -0.2528541 0.877319
vn -0.4114456 -0.2501702 0.87642884
vn -0.4405372 -0.28716856 0.8505652
vn -0.72937626 -0.5440819 -0.414711
vn -0.74828583 -0.53225374 -0.39594743
vn -0.74464023 -0.534601 -0.3996409
vn -0.7534282 -0.5288862 -0.39067286
vn -0.7534282 -0.52888614 -0.3906729
vn -0.09843897 0.817055 0.56809413
vn -0.22183366 0.8332433 0.5064537
vn -0.20601502 0.8320467 0.5150302
vn -0.2568065 0.8349344 0.48675966
vn -0.2568065 0.8349344 0.4867597
vn -0.5794565 0.5353922 -0.6144798
vn -0.6775535 0.48410115 -0.5536852
vn -0.5750548 0.5361972 -0.61790335
vn -0.70326614 0.46672326 -0.53627056
vn -0.5238344 0.54413694 -0.655372
vn -0.7349089 0.44359386 -0.5129653
vn -0.7349089 0.44359383 -0.5129653
vn 0.7977848 0.4798476 -0.36508304
vn 0.73580945 0.5657895 -0.37211114
vn 0.73460597 0.5672548 -0.3722581
vn 0.79793364 0.47958907 -0.36509743
vn 0.831569 0.41637403 -0.36759436
vn 0.71809393 0.5868414 -0.37411
vn 0.71809393 0.5868414 -0.37411
vn -0.2766078 -0.013752152 0.96088445
vn -0.6231537 0.15090159 0.7674035
vn -0.6378267 -0.0004854266 0.7701797
vn -0.26903778 0.15801376 0.95007914
vn -0.92526686 0.013764354 0.379067
vn -0.9053962 0.19779642 0.37567857
vn 0 0.16136758 0.98689437
vn 0 -0.014255781 0.99989843
vn -0.9758847 0.013922567 0.21784227
vn -0.93835527 0.26141363 0.22616903
vn 0.62166387 0.3112134 -0.7188047
vn 0.91480875 0.28795475 -0.28320825
vn 0.9448793 0.016777463 -0.32698867
vn 0.65685976 0.045898177 -0.75261456
vn 0.2472472 0.30053324 -0.92116696
vn 0.26414016 0.06443779 -0.9623294
vn 0.9858283 0.011566321 -0.1673582
vn 0.9602337 0.23736317 -0.14700335
vn -3.994722e-7 0.28501135 -0.9585242
vn -4.0086425e-7 0.063730665 -0.99796706
vn 0.27660787 -0.013752156 0.96088445
vn 0.26903817 0.15801364 0.950079
vn 0.6231548 0.1509023 0.7674024
vn 0.63782626 -0.0004854742 0.77018005
vn 0.9252662 0.013764401 0.3790685
vn 0.90539503 0.19779602 0.37568137
vn 0.9758841 0.013922672 0.21784474
vn 0.938354 0.2614127 0.22617483
vn -0.6216631 0.31121314 -0.7188056
vn -0.9148102 0.28795412 -0.2832047
vn -0.9448797 0.01677749 -0.32698745
vn -0.6568614 0.045898296 -0.752613
vn -0.24724843 0.30053377 -0.9211665
vn -0.26414198 0.064438105 -0.96232885
vn -0.9858285 0.011566392 -0.16735692
vn -0.9602345 0.23736253 -0.14699891
vn -0.2693339 -0.957574 -0.10252424
vn 0 -0.9998221 -0.018864054
vn -0.29382342 -0.95550907 -0.025891097
vn 0 -0.9976247 -0.06888352
vn -0.9494689 0.050424308 -0.3097843
vn -0.9940393 0.058447935 -0.09203159
vn -0.28303754 -0.95713425 0.06151209
vn -0.981942 0.07134927 0.17521179
vn -0.8792789 0.09117914 0.46749866
vn -0.2896553 -0.9433175 0.1620246
vn 0 -0.99932647 0.03669773
vn 0 -0.9967728 0.08027304
vn -0.47743508 0.09504089 0.8735119
vn -0.25083798 -0.8754815 0.41305265
vn 0 0.08132561 0.9966876
vn -6.3065056e-7 -0.90707856 0.42096153
vn 0.26933378 -0.957574 -0.10252424
vn 0.29382345 -0.95550907 -0.025891108
vn 0.28965303 -0.94331765 0.1620271
vn 0.2830376 -0.95713425 0.06151207
vn 0.25083417 -0.8754815 0.4130548
vn 0.4774303 0.09505284 0.87351316
vn 0.87927556 0.09118308 0.4675041
vn 0.9494688 0.05042454 -0.30978444
vn 0.9940392 0.058448333 -0.09203162
vn 0.981942 0.07134943 0.17521165
vn -0.18135566 0.9214905 0.34346116
vn -0.47743508 0.09504089 0.8735119
vn 5.3966437e-7 0.9341807 0.3568003
vn 0 0.9969206 0.07841837
vn -0.20859975 0.96765804 0.14185894
vn 0 0.99998116 0.0061490056
vn -0.20039979 0.97932005 0.027786363
vn -0.981942 0.07134927 0.17521179
vn -0.8792789 0.09117914 0.46749866
vn -0.9940393 0.058447935 -0.09203159
vn -0.19283788 0.97761494 -0.08415793
vn -0.9494689 0.050424308 -0.3097843
vn -0.14727753 0.97286 -0.17847352
vn 0 0.99628437 -0.08612372
vn 0 0.98753196 -0.15741864
vn 0.18135591 0.9214917 0.34345752
vn 0.2085999 0.96765834 0.14185677
vn 0.14727755 0.97286 -0.17847353
vn 0.19283779 0.9776148 -0.08415948
vn 0.9494688 0.05042454 -0.30978444
vn 0.9940392 0.058448333 -0.09203162
vn 0.20039982 0.97932017 0.027783763
vn 0.981942 0.07134943 0.17521165
vn 0.87927556 0.09118308 0.4675041
vn 0.4774303 0.09505284 0.87351316
vn -0.61783755 -0.20669553 0.7586525
vn -0.29227924 -0.013711823 0.9562347
vn -0.65768385 -0.038749374 0.7522968
vn -0.27922162 -0.18958148 0.9413257
vn -0.8995082 -0.25034475 0.35806775
vn -0.9340983 -0.055471785 0.35268033
vn -6.415139e-7 -0.0057162014 0.99998367
vn -6.181756e-7 -0.1853595 0.9826707
vn -0.94648474 -0.2638839 0.18582787
vn -0.9769736 -0.055313148 0.20606522
vn 0.6092812 -0.24946694 -0.7526903
vn 0.9073522 -0.24213728 -0.34362993
vn 0.6679794 -0.012268108 -0.74407864
vn 0.9487359 0.01876121 -0.3155125
vn 0.29478446 -0.026670082 -0.9551915
vn 0.2691897 -0.2491637 -0.9302979
vn 0.969774 -0.18203308 -0.16248818
vn 0.9885339 0.024993695 -0.14891635
vn -6.3167187e-7 -0.23535118 -0.97191036
vn -6.799207e-7 -0.01937358 -0.9998123
vn 0.27922073 -0.18958147 0.941326
vn 0.29227862 -0.01371182 0.95623493
vn 0.61783266 -0.20669545 0.7586566
vn 0.6576786 -0.038749084 0.7523014
vn 0.89950603 -0.25034532 0.35807285
vn 0.9340964 -0.05547167 0.35268512
vn 0.9464838 -0.26388404 0.18583252
vn 0.97697335 -0.05531309 0.20606695
vn -0.6092815 -0.24946833 -0.7526896
vn -0.907353 -0.24213761 -0.3436278
vn -0.66798043 -0.012268 -0.7440777
vn -0.9487364 0.018761262 -0.31551096
vn -0.29478398 -0.026670061 -0.9551917
vn -0.26918957 -0.24916506 -0.93029773
vn -0.96977454 -0.18203327 -0.16248447
vn -0.98853403 0.024993768 -0.14891557
vn 0.28994232 -0.20567703 0.93468195
vn 0.27521348 -0.20863816 0.93847084
vn 0.31653783 -0.17041677 0.9331462
vn 0.30811322 -0.18848176 0.9324917
vn 0.3308584 -0.14510167 0.93245816
vn 0.37944755 -0.09009553 0.9208162
vn 0.38830203 -0.07741985 0.9182743
vn 0.43402162 -0.05941462 0.89894116
vn 0.4366671 -0.05834594 0.8977291
vn 0.5085307 -0.04246677 0.8599961
vn 0.5113993 -0.042463344 0.85829353
vn 0.5799954 -0.049282048 0.8131277
vn 0.5849807 -0.050464023 0.8094757
vn 0.66336125 -0.06954598 0.7450605
vn 0.23438913 -0.21103469 0.94896054
vn 0.21857296 -0.22324641 0.9499405
vn 0.24758208 -0.46184275 0.85170674
vn 0.24461049 -0.40009928 0.8832249
vn 0.25263882 -0.4278641 0.8678168
vn 0.23215616 -0.44045743 0.8672375
vn 0.26755226 -0.46933293 0.84151196
vn 0.25994524 -0.45147538 0.8535798
vn 0.28703257 -0.45812994 0.8412665
vn 0.2793707 -0.45217502 0.8470477
vn 0.32118136 -0.44765475 0.83453447
vn 0.30028978 -0.4514334 0.84025824
vn 0.29451984 -0.37256303 0.8800312
vn 0.29335684 -0.33934775 0.8937476
vn 0.3420627 -0.25362265 0.9048031
vn 0.34459382 -0.24751487 0.9055338
vn 0.41140214 -0.17275842 0.8949318
vn 0.41828188 -0.16829905 0.89258933
vn 0.4585132 -0.15407121 0.87523
vn 0.45968404 -0.15519592 0.87441677
vn 0.4945157 -0.16581753 0.85320497
vn 0.49984175 -0.16634366 0.84999293
vn 0.5547772 -0.14270625 0.8196689
vn 0.56371737 -0.13251291 0.8152687
vn 0.601235 -0.056090847 0.79710114
vn 0.60458624 -0.041451473 0.7954604
vn 0.62847435 0.04673063 0.77642536
vn 0.63169956 0.05528306 0.7732396
vn 0.6488694 0.10368465 0.75380236
vn 0.41665065 -0.39456415 0.8189758
vn 0.44675258 -0.37940958 0.8102225
vn 0.25822848 -0.4599396 0.84957254
vn 0.24758208 -0.46184275 0.85170674
vn 0.25263882 -0.4278641 0.8678168
vn 0.26345447 -0.4823873 0.83540064
vn 0.26755226 -0.46933293 0.84151196
vn 0.27478778 -0.4932388 0.8253527
vn 0.2849527 -0.4798325 0.82979685
vn 0.28703257 -0.45812994 0.8412665
vn 0.31950283 -0.4562444 0.83051723
vn 0.32118136 -0.44765475 0.83453447
vn 0.36013854 -0.44017395 0.8225249
vn 0.29483148 -0.43297532 0.8518255
vn 0.29451984 -0.37256303 0.8800312
vn 0.3420627 -0.25362265 0.9048031
vn 0.4070914 -0.383611 0.8289265
vn 0.41665065 -0.39456415 0.8189758
vn 0.473051 -0.3121478 0.82388496
vn 0.4704498 -0.3476064 0.8110775
vn 0.44675258 -0.37940958 0.8102225
vn 0.48293948 -0.30495936 0.82083446
vn 0.4206991 0.16578639 0.89192325
vn 0.28897667 0.3477627 0.8919381
vn 0.3399318 0.3122968 0.8870835
vn 0.41506752 0.14206558 0.8986302
vn 0.37048027 0.29602784 0.88040435
vn 0.4755535 0.060334545 0.87761533
vn 0.46245039 0.02955547 0.88615245
vn 0.42191854 0.1864941 0.8872456
vn 0.5090817 -0.03559335 0.85998195
vn 0.5802167 -0.04541401 0.813195
vn 0.50507134 0.055684727 0.86127937
vn 0.3191804 0.3697318 0.8725951
vn 0.31752136 0.43280113 0.84371996
vn 0.29351792 0.43012923 0.85371894
vn 0.3271423 0.4483772 0.8318268
vn 0.26694334 0.43093058 0.86199766
vn 0.24460857 0.39571357 0.885199
vn 0.23020622 0.41096926 0.8821051
vn 0.22466254 0.44664553 0.86604536
vn 0.3219435 0.42421916 0.8463985
vn 0.6498882 -0.1995715 0.7333598
vn 0.4518414 -0.07067355 0.88929445
vn 0.44612518 0.026777346 0.89457
vn 0.56024504 -0.20612088 0.8022716
vn 0.67513573 -0.38068914 0.6318761
vn 0.7473748 -0.32059342 0.58193713
vn 0.74491465 -0.19447316 0.6381869
vn 0.87396383 -0.25029436 0.4165814
vn 0.9050804 -0.1971042 0.37680167
vn 0.92219615 -0.2804443 0.2662802
vn 0.871493 -0.39404863 0.29193443
vn 0.82388073 -0.37746352 0.42277864
vn 0.74764353 -0.47040513 0.4687732
vn 0.88490844 -0.44618458 0.13362797
vn 0.81200945 -0.5620148 0.1574168
vn 0.785758 -0.52228254 0.33136883
vn 0.78272426 -0.61899906 0.06467506
vn 0.89882773 -0.43390673 0.061916605
vn 0.91376865 -0.39941442 0.07412836
vn 0.7756324 -0.6288843 0.05384059
vn 0.95200485 -0.29252377 0.09009203
vn 0.9457225 -0.30050337 0.123719834
vn 0.9467875 -0.21380101 0.24058786
vn 0.94967365 -0.19488499 0.24523397
vn 0.9629981 -0.22242473 0.15219003
vn 0.96324533 -0.21988186 0.15430617
vn 0.9707069 -0.17274249 0.16699803
vn 0.9658034 -0.22631238 0.1265166
vn 0.95803523 -0.2668602 0.10466269
vn 0.98157066 -0.16297552 0.09978947
vn 0.9454356 -0.14314778 0.2926777
vn 0.9137123 -0.13918813 0.38178062
vn 0.8316822 -0.095995344 0.5468908
vn 0.83686787 -0.05095726 0.54502803
vn 0.7029252 0.017550135 0.71104723
vn 0.88463974 -0.09502374 0.45648986
vn 0.6210108 0.023616828 0.78344625
vn 0.6513416 -0.066233106 0.7558883
vn 0.5307808 0.11419091 0.8397811
vn 0.8097645 -0.1932088 0.5540323
vn 0.9825143 -0.13974912 0.123027705
vn 0.99145633 -0.1000569 0.08368306
vn 0.9666549 -0.18390277 0.17820807
vn 0.99263835 -0.034299478 0.11615837
vn 0.97902864 -0.0379881 0.20014954
vn 0.97012174 0.10164725 0.22029871
vn 0.9714434 -0.15535149 0.17934203
vn 0.9498415 -0.08974359 0.2995784
vn 0.9138636 0.10042535 0.39340565
vn 0.91385055 0.18783508 0.35999337
vn 0.99500066 -0.016885422 0.09843
vn 0.9849029 0.10805978 0.13523862
vn 0.95871097 0.19380063 0.20812154
vn 0.9756708 0.16127414 0.14851598
vn 0.9526767 0.22165358 0.2080305
vn 0.91549885 0.2653652 0.3023957
vn 0.90711397 0.2988719 0.29634413
vn 0.7919862 0.37308845 0.48328334
vn 0.7867906 0.42013654 0.452157
vn 0.99164927 0.06258064 0.11276194
vn 0.7796933 0.2286542 0.5829199
vn 0.7378019 0.14061846 0.66020805
vn 0.81962526 -0.0024506976 0.5728948
vn 0.6368602 0.5060759 0.5816324
vn 0.6384584 0.4417435 0.63026476
vn 0.4718843 0.5554106 0.6847221
vn 0.4592765 0.4459229 0.76825637
vn 0.2803797 0.5834729 0.7621985
vn 0.2839871 0.4345237 0.85471666
vn 0 0.59741366 0.8019332
vn 0 0.44179124 0.8971179
vn 0.4470875 0.2352387 0.8630038
vn 0.6150878 0.23980552 0.7511061
vn 0.28189668 0.22372808 0.93299514
vn 1.5276342e-7 0.2182297 0.9758974
vn 0.38883942 0.017949112 0.92113066
vn 0.5735385 0.108177684 0.8120044
vn 0.53155893 -0.07518963 0.84367746
vn 0.37763095 -0.1787227 0.9085444
vn 0.3195482 -0.21449167 0.9229747
vn 0.27791554 -0.027188564 0.9602207
vn 0 -0.012652268 0.99992
vn 0.6478821 -0.022321783 0.7614136
vn 0.3079521 -0.22974777 0.923245
vn -5.334267e-7 -0.20984457 0.97773474
vn 0.35107738 -0.27921233 0.8937478
vn -5.9965e-7 -0.25205377 0.9677133
vn -0.0000012457499 -0.21053343 0.9775867
vn 0.48049334 -0.21743442 0.8496166
vn 0.44647896 -0.40693218 0.7969082
vn 0.332626 -0.3551773 0.8736184
vn 0.3294808 -0.43075642 0.8401734
vn 0.30925825 -0.44038284 0.8428655
vn 0.30213502 -0.43745667 0.84696287
vn 0.28229174 -0.38092086 0.88046044
vn 0.26739585 -0.3565748 0.8951837
vn 0.3716953 -0.30711216 0.87608486
vn 0.3186026 -0.40947664 0.8548808
vn 0.27210626 -0.38132682 0.88348633
vn 0.45780742 -0.35174835 0.8165082
vn 0.33383983 -0.35316357 0.87397164
vn 0.5760831 -0.22909991 0.78462833
vn 0.5222129 -0.22733301 0.8219571
vn 0.5299085 -0.15149514 0.8344137
vn 0.5437892 0.105841376 0.8325207
vn 0.5669309 0.10173833 0.8174587
vn 0.59555584 0.083071925 0.79900706
vn 0.5267012 0.26027116 0.8092248
vn 0.53644925 0.20472057 0.81872565
vn 0.4864426 0.25052333 0.83702546
vn 0.56363213 0.30065855 0.7693655
vn 0.49571985 0.23814735 0.8351932
vn 0.5551794 0.12785469 0.8218448
vn 0.5225104 0.23847078 0.8186051
vn 0.31833524 -0.38973016 0.8641603
vn 0.3792289 0.3557576 0.85417914
vn 0.38934416 0.36926937 0.8438313
vn 0.4121575 0.36620212 0.8342794
vn 0.4606477 0.322318 0.8269914
vn 0.4156846 0.31223053 0.8542356
vn 0.4698257 0.21628645 0.8558527
vn 0.67541087 0.25091764 0.69344115
vn 0.5691714 0.37091386 0.7338029
vn 0.5504242 0.015621631 0.83473897
vn 0.80347097 0.092029564 0.588188
vn 0.7270169 0.38460395 0.5687936
vn 0.81836134 0.30361325 0.48795882
vn -0.0000011754832 0.75747156 0.65286815
vn -2.0699586e-7 0.70903677 0.70517147
vn 0.59349483 -0.42749667 0.68191683
vn 0.530671 -0.5007407 0.68384725
vn 0.42722535 -0.2984214 0.8534771
vn 4.8991996e-7 -0.5958597 0.8030886
vn 3.1808256e-7 -0.6636872 0.74801016
vn 0 -0.4636476 0.8860197
vn 0.0000036569838 -0.015621889 0.9998779
vn -8.348653e-7 0.5732769 0.8193617
vn -2.6665197e-7 0.2174067 0.97608113
vn 0.48385587 0.023367824 0.8748357
vn -7.33726e-7 0.0448504 0.9989937
vn -1.959973e-7 -0.104763515 0.9944971
vn 0.3950474 -0.08398286 0.9148139
vn 0.32224777 -0.32378256 0.88956237
vn -4.38565e-7 -0.33719736 0.94143397
vn -3.0812683e-7 -0.7720642 0.6355445
vn 0.16793132 -0.7655669 0.6210527
vn 0.39924648 -0.3685274 0.83951753
vn 0.4620895 -0.12183872 0.87842387
vn 0.40448722 -0.4653039 0.78732604
vn 0.21004918 -0.7678888 0.60516626
vn 0.2147911 -0.8104734 0.544975
vn 0.12983724 -0.88486606 0.4473861
vn 0.13376723 -0.9004542 0.41387013
vn 0.44806582 -0.24105294 0.86088943
vn 0.17741948 -0.82454854 0.5372542
vn 0.118037686 -0.91627264 0.38276815
vn -1.5874144e-7 -0.89098823 0.4540265
vn 0.10125607 -0.88308305 0.45816103
vn 0.19084443 -0.69558114 0.6926365
vn 0.37686878 -0.35013965 0.8575384
vn 0.44041032 -0.17150529 0.88126314
vn 0.45356268 -0.26764342 0.850087
vn 0.48433048 -0.25732505 0.8361865
vn 0.4522852 -0.39010996 0.80203015
vn 0.53669894 -0.43980262 0.7200888
vn 0.09999589 -0.4822867 0.8702875
vn -0.048093453 -0.62662023 0.77783936
vn 0.32542807 -0.41308126 0.85056484
vn 0.3136151 -0.4034752 0.85956585
vn 0.4520582 -0.45527864 0.76704943
vn 0.19734474 -0.21458374 0.956561
vn 0.4248498 -0.41649172 0.8037644
vn 0.53554165 -0.53565854 0.65288985
vn 0.50859493 -0.46999913 0.72140974
vn 0.5786753 -0.6737255 0.45959625
vn 0.60270226 -0.69127136 0.39861494
vn 0.47818974 -0.6652806 0.5733554
vn 0.38619477 -0.3502489 0.8533343
vn 5.080589e-7 -0.29028746 0.95693946
vn 5.5989034e-7 -0.7136153 0.70053774
vn 1.9927553e-7 -0.20206794 0.97937155
vn 0.274749 -0.24026021 0.9310145
vn 0.22869992 -0.4259179 0.8753801
vn 1.5245796e-7 -0.47073904 0.8822725
vn 0.24278556 -0.4810012 0.8424328
vn 0 -0.49427086 0.86930794
vn 0.3679888 -0.41464657 0.8322575
vn 0.30178723 -0.38711396 0.8712447
vn 0.23163562 0.14379951 0.9621157
vn -3.1603076e-7 0.16188866 0.986809
vn -2.3671598e-7 0.40288925 0.91524875
vn 0.20487913 0.36843073 0.9067984
vn 0.3829794 -0.33012712 0.8627531
vn 0.3163635 -0.38587606 0.8666105
vn 0.41513735 -0.16018702 0.8955451
vn 0.40038696 0.13551688 0.9062701
vn 0.3760104 0.13084616 0.9173306
vn 0.37340486 0.25943714 0.8906521
vn 0.33925202 0.30147892 0.8910772
vn 0.34787318 0.26977423 0.89788985
vn 0.23020898 0.17676745 0.95695204
vn -0.082500644 -0.71100795 0.69832754
vn 0.679266 -0.23548229 0.69508696
vn 0.6985869 -0.19562817 0.6882632
vn 0.790128 -0.20013623 0.57934725
vn 0.80418605 -0.15967238 0.5725291
vn 0.6517213 -0.24465628 0.71791553
vn 0.74469197 -0.15362571 0.6494867
vn 0.5769462 -0.23274614 0.7829191
vn 0.51504767 -0.2970889 0.8040299
vn 0.58029556 -0.19164908 0.791535
vn 0.4673138 -0.30891946 0.82836384
vn 0.48530737 -0.22772163 0.8441679
vn 0.49513772 -0.24519323 0.83349806
vn 0.4447113 -0.27393878 0.85275406
vn 0.39466432 -0.35182428 0.848799
vn 0.37203974 -0.31265774 0.87397456
vn 0.8855124 -0.08469092 0.4568316
vn 0.8626822 -0.18389952 0.4711267
vn 0.9230988 -0.17709315 0.34135994
vn 0.93145764 -0.16920593 0.32211185
vn 0.864245 -0.16048835 0.4767852
vn 0.7887225 -0.07319673 0.6103761
vn 0.6654789 0.010704135 0.74633986
vn 0.63697636 -0.044978462 0.7695701
vn 0.58657265 -0.014337321 0.80976975
vn 0.4543139 0.09817854 0.885415
vn 0.55261356 0.12598926 0.8238598
vn 0.42727834 0.23072577 0.87418467
vn 0.30529276 0.27894935 0.9104854
vn 0.15125598 0.43847847 0.8859223
vn 0.32468787 0.31822532 0.89067984
vn 0.19415423 0.5001176 0.84391147
vn 0.3866473 0.20669477 0.89876646
vn 0.47771472 0.86682105 -0.14286318
vn 0.23176236 0.969316 -0.08193147
vn 0.20542571 0.97565424 -0.0768058
vn 0.48751637 0.86088216 -0.14563563
vn 0.69131273 0.69197845 -0.20797259
vn 0.70006365 0.6821507 -0.21114294
vn 0.84113634 0.48120105 -0.24685043
vn 0.8439564 0.4760202 -0.24726988
vn 0.95554954 0.012973463 -0.29454488
vn 0.953828 -0.039680995 -0.29772076
vn 0.7383342 -0.5961666 -0.31535387
vn 0.7288675 -0.6070103 -0.316687
vn 0.06314546 0.99736446 -0.035732657
vn 0.053836115 0.9980465 -0.031699724
vn -0.037675936 0.9992693 -0.0064306674
vn -0.065975405 0.9978155 -0.0033745568
vn -0.21041429 0.9776089 0.0025558793
vn -0.2634547 0.9646682 0.0026373253
vn -0.54161555 0.84055823 0.010700601
vn -0.5879078 0.808813 0.013632979
vn -0.772432 0.6345861 0.025481218
vn -0.78829455 0.61472744 0.026492849
vn 0.5214444 -0.77239215 -0.3626378
vn 0.52204055 -0.77211607 -0.36236787
vn 0.34227857 -0.8576065 -0.38387042
vn 0.33648315 -0.8600907 -0.38343605
vn 0.14568512 -0.93196917 -0.33197784
vn 0.1445185 -0.9323694 -0.33136332
vn 0.032488316 -0.9610297 -0.27452964
vn 0.023732817 -0.9624229 -0.27051625
vn -0.058178388 -0.9639325 -0.25971016
vn -0.06580727 -0.9630431 -0.26118457
vn -0.14971037 -0.9478844 -0.28125107
vn -0.15578337 -0.9464099 -0.28291306
vn -0.25124243 -0.93744475 -0.24098663
vn -0.25277248 -0.9374551 -0.23934074
vn -0.4398852 -0.8938827 -0.086456746
vn -0.45931327 -0.8853396 -0.0721468
vn -0.8180182 -0.56660295 0.09903183
vn -0.88321096 -0.452243 0.12415574
vn -0.9612398 0.20554456 0.18376474
vn -0.9585022 0.21903688 0.18247323
vn -0.90595543 0.40098637 0.13584863
vn -0.902416 0.41058257 0.13064235
vn -0.8604886 0.50530577 0.065004095
vn -0.85736775 0.5113051 0.059056506
vn 0.25763535 0.6173868 0.7432749
vn 0.27407855 -0.047458705 0.9605356
vn 0.49749845 0.43954664 0.7478596
vn 0.0030849676 0.46994013 0.8826929
vn 0.61612487 0.117772356 0.7787938
vn 0.5182409 -0.34209475 0.7838351
vn 0.36064258 -0.6124723 0.7034307
vn -0.012064855 0.11449165 0.9933509
vn 0.27699512 -0.6559112 0.7021782
vn 0.26406562 -0.6257479 0.7339679
vn 0.1404607 -0.31197402 0.9396504
vn -0.04872814 -0.41616866 -0.90798086
vn -0.51140815 -0.3598379 -0.7803707
vn -0.62833667 -0.19578099 -0.752903
vn -0.77416235 0.02379854 -0.6325395
vn -0.88718617 0.20449376 -0.4136218
vn -0.4455107 0.54204476 -0.7125361
vn -0.6277881 0.4970765 -0.5989967
vn -0.7679422 0.47273105 -0.43219233
vn 0.09935674 -0.36647037 -0.9251095
vn 0.4115921 -0.3255921 -0.85122365
vn 0.4898864 -0.33695346 -0.80403584
vn -0.21209268 -0.39429808 -0.8941732
vn -0.33432454 -0.4166428 -0.84536135
vn -0.39614192 -0.3977134 -0.8275842
vn 0.70729125 0.07300176 -0.7031428
vn 0.5442031 0.44638655 -0.7103393
vn 0.42721853 0.354732 -0.83165467
vn 0.025165603 0.46325028 -0.8858701
vn -0.045810096 0.4606091 -0.8864202
vn -0.179433 0.39530665 -0.9008532
vn -0.32623202 0.47639653 -0.8164674
vn -0.79932094 0.3357959 -0.49832436
vn -0.83173543 0.2614851 -0.48973638
vn 0.51493937 -0.087707594 0.85272795
vn 0.62317073 -0.12419539 0.7721618
vn 0.6540851 -0.13372396 0.74450696
vn 0.66185737 -0.18478043 0.7264991
vn 0.67736536 -0.12542145 0.7248763
vn 0.6495797 -0.16955788 0.7411453
vn 0.5649915 -0.20760582 0.7985515
vn 0.4781723 -0.22654586 0.84854484
vn 0.43696678 -0.22629791 0.87054545
vn 0.36007243 -0.25273857 0.8980373
vn 0.3044209 -0.3333966 0.8922862
vn 0.29471102 -0.2618754 0.9190031
vn 0.23683456 -0.27404857 0.93209803
vn 0.23558716 -0.36709887 0.899854
vn 0.24252203 -0.39571062 0.8857743
vn 0.48641297 -0.078775145 0.8701706
vn 0.57149565 -0.37524456 0.72978365
vn 0.6437546 -0.47309348 0.6014671
vn 0.6914014 -0.53508496 0.48543617
vn 0.5765951 -0.5468689 0.6070193
vn 0.6384374 -0.67050624 0.3779143
vn 0.5916997 -0.7673899 0.24699026
vn 0.54496455 -0.80467445 0.23561119
vn 0.43179765 -0.8715542 0.23225877
vn 0 -0.96637726 0.25712818
vn 0.6389108 -0.7330962 0.23315871
vn -1.282455e-7 -0.9997397 -0.022811849
vn 0.28698456 -0.95770097 -0.021185819
vn 0 -0.9962549 -0.08646479
vn 0.3671924 -0.9298509 -0.023388093
vn 0.46358308 -0.8833311 0.06940384
vn 0.5275523 -0.84808755 0.04935701
vn 0.54226136 -0.8349369 0.09398338
vn 0.6561924 -0.7516461 0.06663162
vn 0.6484888 -0.7562581 0.08680997
vn 0.719479 -0.67380667 0.16832894
vn 0.7223718 -0.59434646 0.35345608
vn 0.4577475 -0.0800582 0.88547045
vn -0.25220463 -0.684319 -0.68417853
vn -0.23819397 -0.8898916 -0.38904563
vn -0.27297312 -0.65359163 -0.70590633
vn -0.49251008 -0.80023396 -0.34213936
vn -0.26329353 -0.64255786 -0.7195804
vn -0.08436537 -0.75569063 -0.64947224
vn 1.2638819e-7 -0.89618176 -0.443687
vn 1.4703058e-7 -0.7631403 -0.6462327
vn -0.5779955 -0.8159552 -0.011759187
vn -0.30896044 -0.95002806 0.044612147
vn 0 -0.99689025 0.07880261
vn -0.9544715 0.09609048 -0.28240147
vn -0.6313637 0.1810954 -0.7540453
vn -0.98939323 0.09706898 -0.10806812
vn -0.60780966 -0.6998482 0.37520647
vn -0.32984817 -0.8052964 0.49264374
vn 2.1001752e-7 -0.8189607 0.5738496
vn -0.714868 0.09507131 0.69276637
vn -0.39559057 0.042477418 0.9174442
vn -0.28301108 0.87724584 0.3877429
vn -3.489774e-7 0.88954484 0.456848
vn 0 0.99996185 0.008736938
vn -0.20297375 0.9791767 -0.0038042
vn 0 0.9385417 -0.34516594
vn -0.13662392 0.94159883 -0.30777505
vn -0.04556468 0.8610573 -0.5064624
vn 0 0.86558324 -0.5007651
vn -0.18526988 0.8038776 -0.5652043
vn -0.41734695 0.908545 -0.019169863
vn -0.36793366 0.8950628 -0.2519672
vn -0.19324858 0.792097 -0.57899684
vn -0.98939323 0.09706898 -0.10806812
vn -0.9544715 0.09609048 -0.28240147
vn -0.4681922 0.82785666 0.3089487
vn -0.27386683 0.6935975 -0.6662728
vn -0.6313637 0.1810954 -0.7540453
vn 0.04556472 0.8610573 -0.5064624
vn 0.13662389 0.9416001 -0.30777118
vn 0.18526989 0.80387765 -0.5652042
vn 0.19324727 0.7920972 -0.57899696
vn 0.36793402 0.8950648 -0.2519595
vn 0.41734684 0.90854514 -0.019167801
vn 0.20297368 0.9791768 -0.003803833
vn 0.9893935 0.09706926 -0.1080654
vn 0.95447373 0.096090525 -0.2823943
vn 0.28301334 0.87724894 0.387734
vn 0.4681959 0.8278603 0.3089335
vn 0.7148769 0.09508156 0.6927557
vn 0.3955934 0.042478465 0.9174428
vn 0 0.04856015 0.99882025
vn 0.32984716 -0.80529577 0.4926456
vn 0.30896035 -0.95002794 0.044612993
vn 0.23819403 -0.8898916 -0.38904545
vn 0.0843659 -0.7556911 -0.6494715
vn 0.25220585 -0.68432283 -0.6841743
vn 0.27297077 -0.65358716 -0.70591134
vn 0.4925096 -0.80023175 -0.34214523
vn 0.26329133 -0.64255196 -0.71958655
vn 0.57799554 -0.81595504 -0.011763213
vn 0.95447373 0.096090525 -0.2823943
vn 0.6313884 0.18107839 -0.7540287
vn 0.9893935 0.09706926 -0.1080654
vn 0.6078087 -0.69984967 0.37520528
vn -0.28897613 0.3477624 0.8919383
vn -0.42070085 0.16578725 0.89192235
vn -0.33993185 0.31229663 0.88708353
vn -0.41506785 0.14206558 0.89863014
vn -0.3704816 0.29602915 0.88040334
vn -0.47555438 0.060334906 0.8776148
vn -0.46244937 0.029555427 0.88615304
vn -0.42191944 0.18649474 0.887245
vn -0.50908095 -0.03559326 0.8599824
vn -0.5802159 -0.045413863 0.8131956
vn -0.5050712 0.055684734 0.8612795
vn -0.31917962 0.3697314 0.8725955
vn -0.3175218 0.43280178 0.8437194
vn -0.2935181 0.43012953 0.85371876
vn -0.3271415 0.44837576 0.83182794
vn -0.26694375 0.4309308 0.8619975
vn -0.24460833 0.3957131 0.88519937
vn -0.23020887 0.41097265 0.8821028
vn -0.22466302 0.4466452 0.8660455
vn -0.32193866 0.42421445 0.84640265
vn -0.64988774 -0.1995713 0.7333602
vn -0.45184156 -0.07067352 0.8892944
vn -0.44612414 0.026777107 0.89457047
vn -0.56024444 -0.20612079 0.80227196
vn -0.675135 -0.380689 0.631877
vn -0.74737495 -0.3205937 0.58193684
vn -0.74491286 -0.1944727 0.6381891
vn -0.8739644 -0.2502939 0.41658014
vn -0.90508026 -0.19710433 0.37680185
vn -0.92219645 -0.28044438 0.26627934
vn -0.8714937 -0.39404887 0.2919318
vn -0.82388264 -0.37746423 0.42277446
vn -0.74764305 -0.47040483 0.46877417
vn -0.8849087 -0.4461846 0.13362607
vn -0.8120096 -0.562015 0.15741554
vn -0.7857583 -0.52228254 0.33136812
vn -0.7827244 -0.61899906 0.06467452
vn -0.8988278 -0.4339066 0.06191622
vn -0.91376865 -0.3994144 0.07412769
vn -0.7756324 -0.6288843 0.053840887
vn -0.95200485 -0.29252386 0.09009184
vn -0.9457225 -0.3005034 0.12372012
vn -0.94678724 -0.21380122 0.2405889
vn -0.9496738 -0.19488513 0.24523342
vn -0.962998 -0.22242506 0.1521906
vn -0.9632452 -0.21988198 0.15430668
vn -0.97070676 -0.17274246 0.16699834
vn -0.96580327 -0.2263124 0.12651731
vn -0.9580353 -0.26686013 0.10466191
vn -0.9815708 -0.1629756 0.09978901
vn -0.9454361 -0.14314789 0.29267597
vn -0.9137137 -0.1391886 0.38177723
vn -0.8316813 -0.09599554 0.54689217
vn -0.8368681 -0.050957296 0.5450275
vn -0.70292133 0.017550003 0.7110509
vn -0.8846404 -0.09502384 0.45648867
vn -0.62100357 0.023616118 0.78345186
vn -0.65134084 -0.066233605 0.75588906
vn -0.530777 0.11418992 0.83978355
vn -0.80976266 -0.19320956 0.5540347
vn -0.9825142 -0.13974921 0.12302784
vn -0.99145633 -0.10005714 0.08368279
vn -0.96665466 -0.18390264 0.17820896
vn -0.99263835 -0.034299746 0.1161581
vn -0.97902876 -0.037988424 0.20014942
vn -0.97012186 0.10164701 0.22029857
vn -0.9714434 -0.15535137 0.17934234
vn -0.94984144 -0.08974384 0.29957864
vn -0.9138638 0.10042526 0.3934053
vn -0.9138504 0.18783505 0.35999343
vn -0.99500066 -0.016885752 0.09843027
vn -0.9849029 0.1080597 0.13523884
vn -0.95871097 0.1938006 0.20812163
vn -0.9756708 0.16127402 0.14851597
vn -0.95267683 0.22165355 0.20803018
vn -0.9154987 0.2653652 0.3023962
vn -0.907114 0.29887196 0.29634362
vn -0.79198617 0.37308848 0.48328358
vn -0.7867906 0.42013654 0.45215687
vn -0.99164927 0.06258064 0.11276194
vn -0.77969337 0.2286542 0.5829198
vn -0.73780197 0.14061846 0.66020805
vn -0.8196238 -0.002450575 0.57289684
vn -0.63686013 0.506076 0.5816323
vn -0.6384584 0.44174352 0.63026476
vn -0.47188362 0.5554094 0.68472344
vn -0.45927623 0.44592237 0.76825684
vn -0.28037885 0.58347136 0.76220006
vn -0.2839868 0.43452322 0.8547169
vn -0.4470885 0.23523916 0.86300313
vn -0.61508805 0.23980558 0.7511058
vn -0.2818971 0.22372839 0.93299496
vn -0.38883966 0.01794939 0.92113054
vn -0.5735384 0.108177856 0.8120045
vn -0.53155863 -0.07518969 0.8436777
vn -0.3776306 -0.17872326 0.90854454
vn -0.31954825 -0.21449225 0.9229745
vn -0.27791557 -0.027188422 0.9602207
vn -0.6478817 -0.022321943 0.7614138
vn -0.30795288 -0.22974841 0.9232446
vn -0.35107887 -0.2792135 0.89374685
vn -0.48049688 -0.21743655 0.8496141
vn -0.44648167 -0.4069346 0.79690546
vn -0.33262765 -0.35517907 0.87361705
vn -0.3294834 -0.43076047 0.84017026
vn -0.30925912 -0.4403842 0.8428644
vn -0.3021354 -0.43745723 0.8469624
vn -0.2822928 -0.38092214 0.8804596
vn -0.26739788 -0.35657698 0.89518225
vn -0.37169522 -0.3071126 0.87608474
vn -0.31860203 -0.4094764 0.85488117
vn -0.27211007 -0.3813324 0.8834827
vn -0.45780715 -0.3517502 0.8165075
vn -0.33384216 -0.35316858 0.87396884
vn -0.576084 -0.22910085 0.7846274
vn -0.5222115 -0.2273328 0.82195795
vn -0.52990997 -0.15149635 0.83441246
vn -0.5437869 0.105840735 0.8325224
vn -0.56692946 0.10173798 0.8174597
vn -0.59555644 0.08307194 0.7990066
vn -0.5266989 0.2602701 0.8092266
vn -0.5364479 0.20471978 0.8187268
vn -0.4864403 0.25052214 0.8370272
vn -0.5636303 0.300658 0.76936704
vn -0.49571696 0.2381456 0.8351955
vn -0.55518407 0.12785676 0.82184136
vn -0.5225082 0.23846795 0.81860757
vn -0.3183332 -0.38972497 0.8641634
vn -0.37922856 0.35575718 0.8541795
vn -0.38934305 0.3692683 0.84383225
vn -0.4121548 0.36620075 0.8342813
vn -0.46063572 0.322308 0.8270019
vn -0.41568565 0.31223154 0.8542347
vn -0.46982494 0.21628648 0.85585314
vn -0.67541057 0.25091776 0.69344133
vn -0.5691717 0.3709136 0.73380286
vn -0.55042166 0.015621335 0.8347406
vn -0.8034716 0.09202956 0.5881868
vn -0.72701824 0.38460433 0.56879175
vn -0.8183614 0.30361572 0.48795706
vn -0.59348994 -0.42749476 0.6819222
vn -0.5306729 -0.50074226 0.68384457
vn -0.4272248 -0.2984214 0.85347736
vn -0.4838573 0.02336791 0.8748349
vn -0.3950471 -0.08398288 0.91481394
vn -0.32224834 -0.323783 0.889562
vn -0.1679317 -0.76556706 0.6210523
vn -0.3992462 -0.36852774 0.83951753
vn -0.46208683 -0.12183831 0.8784254
vn -0.4044878 -0.46530426 0.7873256
vn -0.21004881 -0.76788884 0.6051663
vn -0.2147906 -0.8104743 0.5449738
vn -0.12983741 -0.8848685 0.44738132
vn -0.13376606 -0.90045065 0.41387853
vn -0.44806442 -0.24105349 0.8608899
vn -0.17741986 -0.82454175 0.53726447
vn -0.118035056 -0.91625214 0.3828182
vn -0.101256356 -0.8830823 0.45816246
vn -0.1908454 -0.6955828 0.6926346
vn -0.3768692 -0.3501402 0.85753804
vn -0.44041058 -0.17150526 0.88126296
vn -0.45356312 -0.26764417 0.8500865
vn -0.4843313 -0.25732696 0.8361854
vn -0.45228463 -0.39010888 0.8020309
vn -0.5367007 -0.4398036 0.7200869
vn -0.09999546 -0.4822849 0.87028855
vn 0.048093807 -0.6266072 0.7778499
vn -0.32542446 -0.41307652 0.8505685
vn -0.31361094 -0.40346795 0.8595707
vn -0.4520585 -0.45527327 0.7670524
vn -0.19734325 -0.21458137 0.9565618
vn -0.42484942 -0.41648948 0.8037659
vn -0.5355416 -0.5356604 0.6528883
vn -0.5085928 -0.4700007 0.72141016
vn -0.5786748 -0.6737288 0.45959222
vn -0.60270536 -0.69127893 0.3985973
vn -0.4781899 -0.66528106 0.5733547
vn -0.38619527 -0.35024938 0.85333383
vn -0.2747491 -0.24026012 0.9310145
vn -0.2287004 -0.42591828 0.8753798
vn -0.24278694 -0.48100263 0.8424316
vn -0.36799014 -0.4146484 0.83225596
vn -0.30178815 -0.38711527 0.8712438
vn -0.23163603 0.14379932 0.9621156
vn -0.20487984 0.36843225 0.90679765
vn -0.38297766 -0.33012658 0.862754
vn -0.31636375 -0.3858752 0.8666108
vn -0.4151379 -0.16018696 0.89554495
vn -0.40038508 0.13551614 0.906271
vn -0.37600973 0.13084565 0.9173309
vn -0.37340483 0.25943646 0.8906523
vn -0.33925295 0.30147904 0.89107686
vn -0.34788206 0.26978162 0.89788413
vn -0.23018825 0.17673895 0.95696217
vn 0.082489885 -0.710954 0.69838375
vn -0.6985873 -0.19562808 0.6882627
vn -0.67926633 -0.23548165 0.6950868
vn -0.7901283 -0.20013615 0.57934684
vn -0.8041857 -0.15967223 0.57252955
vn -0.6517251 -0.24465734 0.7179117
vn -0.7446916 -0.1536259 0.649487
vn -0.5769486 -0.23274724 0.782917
vn -0.51504946 -0.29708976 0.80402845
vn -0.5802975 -0.19164976 0.7915334
vn -0.46731395 -0.30891967 0.8283636
vn -0.48530757 -0.2277218 0.8441678
vn -0.49513453 -0.24519165 0.8335004
vn -0.44471166 -0.27393878 0.8527539
vn -0.39466465 -0.35182425 0.8487989
vn -0.3720402 -0.3126577 0.8739744
vn -0.8855127 -0.084691234 0.4568311
vn -0.8626824 -0.18389963 0.47112647
vn -0.9230989 -0.17709342 0.34135953
vn -0.93145734 -0.16920583 0.32211277
vn -0.8642445 -0.16048822 0.476786
vn -0.78872156 -0.073196515 0.6103775
vn -0.66547894 0.010704234 0.7463398
vn -0.636974 -0.04497823 0.7695721
vn -0.586577 -0.014337385 0.80976653
vn -0.45431572 0.098178774 0.8854141
vn -0.5526113 0.12598835 0.8238614
vn -0.42727658 0.23072332 0.87418616
vn -0.30528852 0.27894616 0.9104878
vn -0.15125456 0.438472 0.8859257
vn -0.32468754 0.31822574 0.8906797
vn -0.19415575 0.5001165 0.8439117
vn -0.38664627 0.20669441 0.89876693
vn -0.477709 0.86681294 -0.14293137
vn -0.23176263 0.9693168 -0.08192051
vn -0.48751035 0.8608737 -0.14570571
vn -0.20542617 0.9756561 -0.07678118
vn -0.6913062 0.69196874 -0.20802645
vn -0.70005774 0.6821421 -0.21119042
vn -0.84113675 0.4812004 -0.24685055
vn -0.8439567 0.4760195 -0.24727002
vn -0.9555523 0.012972793 -0.29453617
vn -0.953831 -0.03968186 -0.29771075
vn -0.7383334 -0.5961646 -0.3153596
vn -0.7288663 -0.6070078 -0.31669468
vn -0.06314582 0.9973667 -0.035668623
vn -0.053836416 0.99804854 -0.031636566
vn 0.037675798 0.99926955 -0.0063990974
vn 0.06597516 0.9978156 -0.003360354
vn 0.21041407 0.97760904 0.0025337457
vn 0.26345468 0.9646682 0.0026131992
vn 0.5416161 0.8405584 0.010662737
vn 0.58790827 0.8088134 0.01359213
vn 0.77243215 0.63458645 0.02546646
vn 0.7882946 0.61472774 0.026485369
vn -0.52144027 -0.77238923 -0.36265
vn -0.5220364 -0.772113 -0.36238018
vn -0.3422777 -0.8576024 -0.38388026
vn -0.3364822 -0.8600864 -0.38344654
vn -0.14568542 -0.93197674 -0.33195648
vn -0.14451885 -0.9323772 -0.33134124
vn -0.032488793 -0.96104807 -0.27446508
vn -0.0237331 -0.962441 -0.2704516
vn 0.058178794 -0.9639482 -0.25965187
vn 0.06580779 -0.9630585 -0.26112756
vn 0.14971486 -0.9479052 -0.28117853
vn 0.15578818 -0.94643164 -0.28283775
vn 0.25124612 -0.9374596 -0.24092501
vn 0.25277612 -0.93746954 -0.2392802
vn 0.4398855 -0.8938846 -0.08643629
vn 0.45931342 -0.8853412 -0.07212617
vn 0.8180165 -0.5666027 0.09904711
vn 0.8832092 -0.45224294 0.12416805
vn 0.9612398 0.2055445 0.1837647
vn 0.9585022 0.21903682 0.18247317
vn 0.90595394 0.4009859 0.13585924
vn 0.90241444 0.410582 0.13065463
vn 0.86048734 0.5053051 0.065025434
vn 0.8573666 0.5113045 0.059077412
vn -0.27407867 -0.04745855 0.9605356
vn -0.25763544 0.6173867 0.743275
vn -0.49749848 0.43954635 0.7478597
vn -0.003085388 0.46994042 0.88269275
vn -0.6161268 0.11777193 0.7787923
vn -0.5182428 -0.34209478 0.7838339
vn -0.36064222 -0.61247164 0.70343137
vn 0.012064745 0.1144915 0.9933509
vn -0.27699444 -0.65591073 0.7021789
vn -0.26406574 -0.62574786 0.73396784
vn -0.1404603 -0.3119741 0.93965054
vn 0.048728306 -0.41616997 -0.90798026
vn 0.51140755 -0.35983706 -0.7803714
vn 0.6283393 -0.19578066 -0.75290084
vn 0.77416456 0.023797961 -0.6325368
vn 0.88718545 0.20449392 -0.41362345
vn 0.44551215 0.5420464 -0.712534
vn 0.62778896 0.4970762 -0.5989961
vn 0.76793987 0.4727295 -0.43219805
vn -0.09935627 -0.36646944 -0.92511
vn -0.41159487 -0.32559362 -0.85122174
vn -0.48988658 -0.33695328 -0.80403584
vn 0.21209481 -0.39430016 -0.8941718
vn 0.3343247 -0.41664317 -0.84536123
vn 0.39613837 -0.39770952 -0.8275877
vn -0.7072907 0.07300056 -0.70314354
vn -0.5441956 0.4463819 -0.7103481
vn -0.42721727 0.3547312 -0.8316557
vn -0.025163554 0.4632585 -0.8858658
vn 0.0458101 0.4606078 -0.8864209
vn 0.17943302 0.3953064 -0.9008533
vn 0.32623783 0.47640428 -0.81646055
vn 0.8317338 0.2614849 -0.48973912
vn 0.79931843 0.33579504 -0.498329
vn -0.51493025 -0.087705925 0.8527335
vn -0.62318015 -0.12419733 0.7721539
vn -0.6540862 -0.13372448 0.7445058
vn -0.6618641 -0.18478198 0.72649264
vn -0.6773649 -0.12542167 0.7248767
vn -0.6495813 -0.16955815 0.7411439
vn -0.5649914 -0.20760606 0.79855144
vn -0.47817487 -0.22654688 0.8485431
vn -0.43696964 -0.22629891 0.8705437
vn -0.36007464 -0.25274023 0.898036
vn -0.30442083 -0.33339694 0.89228606
vn -0.29471257 -0.26187715 0.9190021
vn -0.2368374 -0.2740505 0.9320968
vn -0.23558848 -0.36710018 0.899853
vn -0.2425258 -0.39571273 0.88577235
vn -0.48641205 -0.07877521 0.8701711
vn -0.5714933 -0.37524688 0.7297843
vn -0.6437539 -0.4730927 0.6014684
vn -0.6914003 -0.53508407 0.48543876
vn -0.5765955 -0.5468632 0.60702425
vn -0.63843834 -0.67050683 0.3779114
vn -0.5916995 -0.7673893 0.24699269
vn -0.54496515 -0.80467516 0.23560767
vn -0.4317984 -0.8715554 0.23225284
vn -0.638911 -0.73309666 0.2331565
vn -0.28698456 -0.95770085 -0.021188714
vn -0.3671926 -0.929851 -0.023381688
vn -0.463583 -0.88333076 0.069409005
vn -0.5275523 -0.8480875 0.04935795
vn -0.5422613 -0.83493674 0.0939856
vn -0.65619236 -0.751646 0.06663271
vn -0.6484889 -0.75625813 0.08680927
vn -0.7194789 -0.67380637 0.16833024
vn -0.7223704 -0.5943451 0.35346115
vn -0.457743 -0.08005732 0.8854728
vn 0.2738654 0.693598 -0.666273
vn 0.6313884 0.18107839 -0.7540287
vn -0.27521324 -0.2086384 0.93847096
vn -0.28994215 -0.20567712 0.9346821
vn -0.31652692 -0.17039336 0.9331543
vn -0.30809054 -0.18850319 0.93249494
vn -0.3308452 -0.14503902 0.9324726
vn -0.37944862 -0.09004442 0.92082065
vn -0.38827384 -0.077419266 0.9182863
vn -0.43402535 -0.05941387 0.89893943
vn -0.43667075 -0.05834502 0.8977274
vn -0.50852996 -0.042461626 0.8599968
vn -0.5113978 -0.042458028 0.85829467
vn -0.5799899 -0.049274344 0.813132
vn -0.58497554 -0.05045643 0.80948
vn -0.66335434 -0.06953838 0.7450674
vn -0.23438725 -0.2110364 0.94896066
vn -0.21857296 -0.22324641 0.9499405
vn -0.24758743 -0.4618504 0.851701
vn -0.24461046 -0.40009943 0.8832249
vn -0.23216005 -0.44046423 0.8672329
vn -0.2526376 -0.42786247 0.8678179
vn -0.2675573 -0.46933967 0.8415066
vn -0.25994748 -0.45147923 0.8535771
vn -0.28703114 -0.45812792 0.84126806
vn -0.27936855 -0.4521718 0.8470501
vn -0.3211773 -0.44764963 0.8345388
vn -0.30028322 -0.45142475 0.8402652
vn -0.29451588 -0.37255675 0.8800351
vn -0.2933534 -0.33934322 0.8937505
vn -0.34206405 -0.25362238 0.9048026
vn -0.34459552 -0.24751484 0.9055332
vn -0.41140842 -0.17276196 0.89492816
vn -0.41828826 -0.16830234 0.8925857
vn -0.4585234 -0.15407442 0.8752242
vn -0.45969477 -0.15519933 0.87441057
vn -0.49453342 -0.16582388 0.8531935
vn -0.49986023 -0.16635026 0.8499808
vn -0.554793 -0.14271295 0.819657
vn -0.56373054 -0.132519 0.8152587
vn -0.60123396 -0.056090187 0.797102
vn -0.604583 -0.041449957 0.79546297
vn -0.6284657 0.046733093 0.77643216
vn -0.6316922 0.05528587 0.77324545
vn -0.6488689 0.1036907 0.75380194
vn -0.4166491 -0.39456305 0.8189771
vn -0.44675532 -0.37940872 0.8102213
vn -0.25822672 -0.45993692 0.8495746
vn -0.24758743 -0.4618504 0.851701
vn -0.26346123 -0.48239568 0.83539367
vn -0.2526376 -0.42786247 0.8678179
vn -0.2675573 -0.46933967 0.8415066
vn -0.27479473 -0.49324647 0.8253459
vn -0.28495494 -0.47983623 0.8297939
vn -0.28703114 -0.45812792 0.84126806
vn -0.31949884 -0.4562393 0.83052164
vn -0.3211773 -0.44764963 0.8345388
vn -0.36013454 -0.44016895 0.8225293
vn -0.2948253 -0.43296346 0.8518337
vn -0.29451588 -0.37255675 0.8800351
vn -0.34206405 -0.25362238 0.9048026
vn -0.40708435 -0.3836062 0.82893217
vn -0.4166491 -0.39456305 0.8189771
vn -0.4730395 -0.31214076 0.82389426
vn -0.47045213 -0.34760925 0.811075
vn -0.44675532 -0.37940872 0.8102213
vn -0.4829425 -0.3049585 0.820833
f 1/1/1 2/2/2 3/3/3
f 3/3/3 4/4/4 1/1/1
f 2/2/2 5/5/5 3/3/3
f 6/6/6 1/1/1 4/4/4
f 4/4/4 7/7/7 6/6/6
f 4/4/4 8/8/8 7/7/7
f 8/8/8 4/4/4 9/9/9
f 7/7/7 8/8/8 10/10/10
f 3/3/3 5/5/5 11/11/11
f 5/5/5 12/12/12 11/11/11
f 13/13/13 11/11/11 12/12/12
f 12/12/12 14/14/14 13/13/13
f 14/14/14 15/15/15 13/13/13
f 13/13/13 15/15/15 16/16/16
f 17/17/17 16/16/16 15/15/15
f 17/17/17 18/18/18 16/16/16
f 18/18/18 17/17/17 19/19/19
f 20/20/20 18/18/18 19/19/19
f 21/21/21 20/20/20 19/19/19
f 22/22/22 20/20/20 21/21/21
f 22/22/22 21/21/21 23/23/23
f 23/23/23 24/24/24 22/22/22
f 25/25/25 22/22/22 24/24/24
f 23/23/23 26/26/26 24/24/24
f 26/26/26 27/27/27 24/24/24
f 24/24/24 27/27/27 28/28/28
f 24/24/24 28/28/28 25/25/25
f 25/25/25 28/28/28 29/29/29
f 28/28/28 30/30/30 29/29/29
f 29/29/29 30/30/30 31/31/31
f 32/32/32 31/31/31 30/30/30
f 32/32/32 33/33/33 31/31/31
f 29/29/29 31/31/31 33/33/33
f 33/33/33 34/34/34 29/29/29
f 34/34/34 35/35/35 29/29/29
f 35/35/35 34/34/34 36/36/36
f 36/36/36 37/37/37 35/35/35
f 38/38/38 37/37/37 36/36/36
f 38/38/38 39/39/39 37/37/37
f 39/39/39 38/38/38 40/40/40
f 41/41/41 42/42/42 43/43/43
f 41/41/41 44/44/44 42/42/42
f 43/43/43 42/42/42 45/45/45
f 43/43/43 45/45/45 46/46/46
f 41/41/41 47/47/47 44/44/44
f 48/48/48 46/46/46 45/45/45
f 48/48/48 49/49/49 46/46/46
f 48/48/48 50/50/50 49/49/49
f 48/48/48 51/51/51 50/50/50
f 52/52/52 50/50/50 51/51/51
f 52/52/52 51/51/51 53/53/53
f 53/53/53 54/54/54 52/52/52
f 53/53/53 55/55/55 54/54/54
f 55/55/55 56/56/56 54/54/54
f 55/55/55 57/57/57 56/56/56
f 58/58/58 56/56/56 57/57/57
f 58/58/58 57/57/57 59/59/59
f 59/59/59 60/60/60 58/58/58
f 59/59/59 61/61/61 60/60/60
f 62/62/62 60/60/60 61/61/61
f 62/62/62 61/61/61 63/63/63
f 64/64/64 62/62/62 63/63/63
f 64/64/64 63/63/63 65/65/65
f 64/64/64 65/65/65 66/66/66
f 64/64/64 66/66/66 67/67/67
f 67/67/67 66/66/66 68/68/68
f 67/67/67 68/68/68 69/69/69
f 70/70/70 69/69/69 68/68/68
f 71/71/71 72/72/72 73/73/73
f 71/71/71 74/74/74 72/72/72
f 75/75/75 72/72/72 74/74/74
f 75/75/75 74/74/74 76/76/76
f 77/77/77 71/71/71 73/73/73
f 77/77/77 73/73/73 78/78/78
f 76/76/76 79/79/79 75/75/75
f 80/80/80 77/77/77 78/78/78
f 80/80/80 81/81/81 77/77/77
f 82/82/82 83/83/83 84/84/84
f 82/82/82 85/85/85 83/83/83
f 86/86/86 82/82/82 84/84/84
f 86/86/86 87/87/87 82/82/82
f 87/87/87 86/86/86 88/88/88
f 87/87/87 88/88/88 89/89/89
f 90/90/90 89/89/89 88/88/88
f 90/90/90 91/91/91 89/89/89
f 91/91/91 90/90/90 92/92/92
f 91/91/91 92/92/92 93/93/93
f 94/94/94 93/93/93 92/92/92
f 94/94/94 95/95/95 93/93/93
f 94/94/94 96/96/96 95/95/95
f 97/97/97 98/98/98 99/99/99
f 99/99/99 100/100/100 97/97/97
f 101/101/101 99/99/99 98/98/98
f 97/97/97 102/102/102 98/98/98
f 97/97/97 103/103/103 102/102/102
f 97/97/97 104/104/104 103/103/103
f 105/105/105 104/104/104 97/97/97
f 97/97/97 100/100/100 105/105/105
f 105/105/105 106/106/106 104/104/104
f 106/106/106 105/105/105 107/107/107
f 107/107/107 108/108/108 106/106/106
f 106/106/106 108/108/108 109/109/109
f 109/109/109 110/110/110 106/106/106
f 110/110/110 104/104/104 106/106/106
f 110/110/110 103/103/103 104/104/104
f 111/111/111 110/110/110 109/109/109
f 109/109/109 112/112/112 111/111/111
f 112/112/112 113/113/113 111/111/111
f 113/113/113 114/114/114 111/111/111
f 113/113/113 115/115/115 114/114/114
f 115/115/115 116/116/116 114/114/114
f 115/115/115 117/117/117 116/116/116
f 118/118/118 116/116/116 117/117/117
f 118/118/118 117/117/117 119/119/119
f 112/112/112 109/109/109 120/120/120
f 120/120/120 109/109/109 108/108/108
f 121/121/121 112/112/112 120/120/120
f 120/120/120 122/122/122 121/121/121
f 123/123/123 121/121/121 122/122/122
f 123/123/123 124/124/124 121/121/121
f 121/121/121 124/124/124 125/125/125
f 125/125/125 112/112/112 121/121/121
f 113/113/113 125/125/125 115/115/115
f 112/112/112 125/125/125 113/113/113
f 118/118/118 119/119/119 126/126/126
f 127/127/127 118/118/118 126/126/126
f 128/128/128 127/127/127 126/126/126
f 129/129/129 127/127/127 128/128/128
f 128/128/128 130/130/130 129/129/129
f 130/130/130 131/131/131 129/129/129
f 132/132/132 129/129/129 131/131/131
f 133/133/133 129/129/129 132/132/132
f 132/132/132 134/134/134 133/133/133
f 133/133/133 134/134/134 135/135/135
f 133/133/133 135/135/135 136/136/136
f 136/136/136 135/135/135 137/137/137
f 138/138/138 137/137/137 135/135/135
f 138/138/138 139/139/139 137/137/137
f 137/137/137 140/140/140 136/136/136
f 137/137/137 141/141/141 140/140/140
f 141/141/141 142/142/142 140/140/140
f 141/141/141 143/143/143 142/142/142
f 130/130/130 144/144/144 131/131/131
f 130/130/130 145/145/145 144/144/144
f 145/145/145 146/146/146 144/144/144
f 145/145/145 147/147/147 146/146/146
f 148/148/148 147/147/147 145/145/145
f 148/148/148 149/149/149 147/147/147
f 147/147/147 149/149/149 150/150/150
f 147/147/147 150/150/150 146/146/146
f 145/145/145 128/128/128 148/148/148
f 145/145/145 130/130/130 128/128/128
f 151/151/151 152/152/152 153/153/153
f 151/151/151 154/154/154 152/152/152
f 153/153/153 152/152/152 155/155/155
f 153/153/153 155/155/155 156/156/156
f 156/156/156 155/155/155 157/157/157
f 158/158/158 154/154/154 151/151/151
f 158/158/158 159/159/159 154/154/154
f 160/160/160 159/159/159 158/158/158
f 160/160/160 158/158/158 161/161/161
f 161/161/161 162/162/162 160/160/160
f 163/163/163 164/164/164 165/165/165
f 166/166/166 167/167/167 168/168/168
f 166/166/166 169/169/169 167/167/167
f 168/168/168 170/170/170 166/166/166
f 6/6/6 7/7/7 171/171/171
f 172/172/172 173/173/173 10/10/10
f 8/8/8 172/172/172 10/10/10
f 174/174/174 175/175/175 176/176/176
f 174/174/174 108/108/108 175/175/175
f 107/107/107 175/175/175 108/108/108
f 177/177/177 174/174/174 176/176/176
f 174/174/174 177/177/177 108/108/108
f 108/108/108 177/177/177 120/120/120
f 178/178/178 179/179/179 180/180/180
f 181/181/181 178/178/178 180/180/180
f 181/181/181 182/182/182 178/178/178
f 183/183/183 184/184/184 185/185/185
f 183/183/183 185/185/185 186/186/186
f 183/183/183 186/186/186 187/187/187
f 188/188/188 189/189/189 190/190/190
f 188/188/188 191/191/191 189/189/189
f 188/188/188 192/192/192 191/191/191
f 190/190/190 189/189/189 193/193/193
f 190/190/190 193/193/193 194/194/194
f 195/195/195 196/196/196 197/197/197
f 195/195/195 198/198/198 196/196/196
f 198/198/198 199/199/199 196/196/196
f 195/195/195 197/197/197 200/200/200
f 195/195/195 200/200/200 201/201/201
f 202/202/202 203/203/203 204/204/204
f 205/205/205 204/204/204 203/203/203
f 206/206/206 202/202/202 204/204/204
f 205/205/205 203/203/203 207/207/207
f 207/207/207 208/208/208 205/205/205
f 209/209/209 205/205/205 208/208/208
f 205/205/205 209/209/209 210/210/210
f 209/209/209 208/208/208 211/211/211
f 206/206/206 204/204/204 212/212/212
f 213/213/213 206/206/206 212/212/212
f 212/212/212 214/214/214 213/213/213
f 215/215/215 213/213/213 214/214/214
f 216/216/216 215/215/215 214/214/214
f 216/216/216 214/214/214 217/217/217
f 217/217/217 218/218/218 216/216/216
f 217/217/217 219/219/219 218/218/218
f 218/218/218 219/219/219 220/220/220
f 219/219/219 221/221/221 220/220/220
f 221/221/221 222/222/222 220/220/220
f 221/221/221 223/223/223 222/222/222
f 224/224/224 222/222/222 223/223/223
f 223/223/223 225/225/225 224/224/224
f 225/225/225 223/223/223 226/226/226
f 227/227/227 224/224/224 225/225/225
f 228/228/228 227/227/227 225/225/225
f 228/228/228 225/225/225 229/229/229
f 226/226/226 229/229/229 225/225/225
f 229/229/229 226/226/226 230/230/230
f 231/231/231 229/229/229 230/230/230
f 231/231/231 230/230/230 232/232/232
f 232/232/232 233/233/233 231/231/231
f 234/234/234 233/233/233 232/232/232
f 232/232/232 230/230/230 234/234/234
f 235/235/235 234/234/234 230/230/230
f 236/236/236 235/235/235 230/230/230
f 235/235/235 236/236/236 237/237/237
f 238/238/238 237/237/237 236/236/236
f 238/238/238 239/239/239 237/237/237
f 240/240/240 239/239/239 238/238/238
f 239/239/239 240/240/240 241/241/241
f 242/242/242 243/243/243 244/244/244
f 242/242/242 245/245/245 243/243/243
f 246/246/246 243/243/243 245/245/245
f 246/246/246 245/245/245 247/247/247
f 248/248/248 242/242/242 244/244/244
f 247/247/247 249/249/249 246/246/246
f 247/247/247 250/250/250 249/249/249
f 251/251/251 249/249/249 250/250/250
f 251/251/251 252/252/252 249/249/249
f 252/252/252 251/251/251 253/253/253
f 252/252/252 253/253/253 254/254/254
f 255/255/255 254/254/254 253/253/253
f 255/255/255 256/256/256 254/254/254
f 257/257/257 256/256/256 255/255/255
f 257/257/257 258/258/258 256/256/256
f 259/259/259 258/258/258 257/257/257
f 259/259/259 260/260/260 258/258/258
f 261/261/261 260/260/260 259/259/259
f 261/261/261 262/262/262 260/260/260
f 262/262/262 261/261/261 263/263/263
f 262/262/262 263/263/263 264/264/264
f 264/264/264 263/263/263 265/265/265
f 264/264/264 265/265/265 266/266/266
f 265/265/265 267/267/267 266/266/266
f 265/265/265 268/268/268 267/267/267
f 269/269/269 267/267/267 268/268/268
f 269/269/269 268/268/268 270/270/270
f 270/270/270 271/271/271 269/269/269
f 272/272/272 273/273/273 274/274/274
f 272/272/272 275/275/275 273/273/273
f 275/275/275 272/272/272 276/276/276
f 275/275/275 276/276/276 277/277/277
f 274/274/274 273/273/273 278/278/278
f 274/274/274 278/278/278 279/279/279
f 280/280/280 277/277/277 276/276/276
f 278/278/278 281/281/281 279/279/279
f 278/278/278 282/282/282 281/281/281
f 283/283/283 284/284/284 285/285/285
f 283/283/283 286/286/286 284/284/284
f 287/287/287 286/286/286 283/283/283
f 287/287/287 283/283/283 288/288/288
f 289/289/289 287/287/287 288/288/288
f 289/289/289 288/288/288 290/290/290
f 290/290/290 291/291/291 289/289/289
f 290/290/290 292/292/292 291/291/291
f 293/293/293 291/291/291 292/292/292
f 293/293/293 292/292/292 294/294/294
f 295/295/295 293/293/293 294/294/294
f 295/295/295 294/294/294 296/296/296
f 297/297/297 295/295/295 296/296/296
f 298/298/298 299/299/299 300/300/300
f 301/301/301 300/300/300 299/299/299
f 300/300/300 302/302/302 298/298/298
f 303/303/303 299/299/299 298/298/298
f 304/304/304 299/299/299 303/303/303
f 304/304/304 305/305/305 299/299/299
f 305/305/305 306/306/306 299/299/299
f 301/301/301 299/299/299 306/306/306
f 307/307/307 306/306/306 305/305/305
f 306/306/306 307/307/307 308/308/308
f 309/309/309 308/308/308 307/307/307
f 309/309/309 307/307/307 310/310/310
f 311/311/311 310/310/310 307/307/307
f 311/311/311 305/305/305 304/304/304
f 311/311/311 307/307/307 305/305/305
f 311/311/311 312/312/312 310/310/310
f 313/313/313 310/310/310 312/312/312
f 314/314/314 313/313/313 312/312/312
f 315/315/315 314/314/314 312/312/312
f 316/316/316 314/314/314 315/315/315
f 317/317/317 316/316/316 315/315/315
f 317/317/317 318/318/318 316/316/316
f 319/319/319 318/318/318 317/317/317
f 319/319/319 320/320/320 318/318/318
f 310/310/310 313/313/313 321/321/321
f 310/310/310 321/321/321 309/309/309
f 313/313/313 322/322/322 321/321/321
f 323/323/323 321/321/321 322/322/322
f 322/322/322 324/324/324 323/323/323
f 325/325/325 324/324/324 322/322/322
f 325/325/325 322/322/322 326/326/326
f 313/313/313 326/326/326 322/322/322
f 326/326/326 314/314/314 316/316/316
f 326/326/326 313/313/313 314/314/314
f 320/320/320 319/319/319 327/327/327
f 319/319/319 328/328/328 327/327/327
f 328/328/328 329/329/329 327/327/327
f 328/328/328 330/330/330 329/329/329
f 331/331/331 329/329/329 330/330/330
f 332/332/332 331/331/331 330/330/330
f 330/330/330 333/333/333 332/332/332
f 330/330/330 334/334/334 333/333/333
f 335/335/335 333/333/333 334/334/334
f 336/336/336 335/335/335 334/334/334
f 336/336/336 334/334/334 337/337/337
f 336/336/336 337/337/337 338/338/338
f 338/338/338 339/339/339 336/336/336
f 340/340/340 339/339/339 338/338/338
f 341/341/341 338/338/338 337/337/337
f 342/342/342 338/338/338 341/341/341
f 343/343/343 342/342/342 341/341/341
f 344/344/344 342/342/342 343/343/343
f 345/345/345 331/331/331 332/332/332
f 345/345/345 346/346/346 331/331/331
f 347/347/347 346/346/346 345/345/345
f 347/347/347 348/348/348 346/346/346
f 349/349/349 346/346/346 348/348/348
f 349/349/349 348/348/348 350/350/350
f 350/350/350 348/348/348 351/351/351
f 351/351/351 348/348/348 347/347/347
f 329/329/329 346/346/346 349/349/349
f 329/329/329 331/331/331 346/346/346
f 352/352/352 353/353/353 354/354/354
f 352/352/352 355/355/355 353/353/353
f 356/356/356 353/353/353 355/355/355
f 356/356/356 355/355/355 357/357/357
f 356/356/356 357/357/357 358/358/358
f 359/359/359 352/352/352 354/354/354
f 359/359/359 354/354/354 360/360/360
f 361/361/361 359/359/359 360/360/360
f 361/361/361 362/362/362 359/359/359
f 363/363/363 362/362/362 361/361/361
f 364/364/364 365/365/365 366/366/366
f 367/367/367 368/368/368 369/369/369
f 367/367/367 370/370/370 368/368/368
f 371/371/371 370/370/370 367/367/367
f 208/208/208 207/207/207 372/372/372
f 373/373/373 374/374/374 211/211/211
f 374/374/374 209/209/209 211/211/211
f 375/375/375 376/376/376 377/377/377
f 309/309/309 376/376/376 375/375/375
f 375/375/375 308/308/308 309/309/309
f 376/376/376 378/378/378 377/377/377
f 378/378/378 376/376/376 309/309/309
f 378/378/378 309/309/309 321/321/321
f 379/379/379 380/380/380 381/381/381
f 382/382/382 381/381/381 380/380/380
f 382/382/382 380/380/380 383/383/383
f 384/384/384 385/385/385 386/386/386
f 385/385/385 387/387/387 386/386/386
f 385/385/385 388/388/388 387/387/387
f 389/389/389 390/390/390 391/391/391
f 389/389/389 392/392/392 390/390/390
f 393/393/393 389/389/389 391/391/391
f 392/392/392 394/394/394 390/390/390
f 392/392/392 395/395/395 394/394/394
f 396/396/396 397/397/397 398/398/398
f 396/396/396 399/399/399 397/397/397
f 400/400/400 399/399/399 396/396/396
f 397/397/397 401/401/401 398/398/398
f 397/397/397 402/402/402 401/401/401
f 403/403/403 404/404/404 405/405/405
f 403/403/403 406/406/406 404/404/404
f 404/404/404 407/407/407 405/405/405
f 404/404/404 408/408/408 407/407/407
f 403/403/403 409/409/409 406/406/406
f 403/403/403 410/410/410 409/409/409
f 411/411/411 407/407/407 408/408/408
f 411/411/411 408/408/408 412/412/412
f 413/413/413 408/408/408 404/404/404
f 406/406/406 413/413/413 404/404/404
f 413/413/413 414/414/414 408/408/408
f 412/412/412 408/408/408 414/414/414
f 415/415/415 414/414/414 413/413/413
f 415/415/415 413/413/413 416/416/416
f 406/406/406 417/417/417 413/413/413
f 409/409/409 417/417/417 406/406/406
f 413/413/413 418/418/418 416/416/416
f 413/413/413 417/417/417 418/418/418
f 419/419/419 414/414/414 415/415/415
f 419/419/419 420/420/420 414/414/414
f 412/412/412 414/414/414 420/420/420
f 409/409/409 421/421/421 417/417/417
f 421/421/421 418/418/418 417/417/417
f 421/421/421 422/422/422 418/418/418
f 423/423/423 409/409/409 410/410/410
f 423/423/423 424/424/424 409/409/409
f 423/423/423 425/425/425 424/424/424
f 423/423/423 426/426/426 425/425/425
f 425/425/425 426/426/426 427/427/427
f 425/425/425 427/427/427 428/428/428
f 429/429/429 428/428/428 427/427/427
f 429/429/429 430/430/430 428/428/428
f 431/431/431 425/425/425 428/428/428
f 424/424/424 425/425/425 431/431/431
f 431/431/431 428/428/428 432/432/432
f 430/430/430 432/432/432 428/428/428
f 433/433/433 431/431/431 432/432/432
f 433/433/433 434/434/434 431/431/431
f 424/424/424 431/431/431 435/435/435
f 431/431/431 436/436/436 435/435/435
f 431/431/431 434/434/434 436/436/436
f 421/421/421 436/436/436 422/422/422
f 421/421/421 435/435/435 436/436/436
f 437/437/437 433/433/433 432/432/432
f 437/437/437 432/432/432 438/438/438
f 430/430/430 438/438/438 432/432/432
f 409/409/409 424/424/424 435/435/435
f 409/409/409 435/435/435 421/421/421
f 439/439/439 440/440/440 441/441/441
f 439/439/439 442/442/442 440/440/440
f 441/441/441 443/443/443 439/439/439
f 441/441/441 444/444/444 443/443/443
f 445/445/445 444/444/444 441/441/441
f 445/445/445 446/446/446 444/444/444
f 447/447/447 446/446/446 445/445/445
f 447/447/447 445/445/445 448/448/448
f 449/449/449 448/448/448 445/445/445
f 441/441/441 449/449/449 445/445/445
f 441/441/441 440/440/440 449/449/449
f 449/449/449 450/450/450 448/448/448
f 451/451/451 447/447/447 448/448/448
f 451/451/451 448/448/448 452/452/452
f 450/450/450 452/452/452 448/448/448
f 452/452/452 453/453/453 451/451/451
f 452/452/452 454/454/454 453/453/453
f 450/450/450 454/454/454 452/452/452
f 455/455/455 440/440/440 442/442/442
f 455/455/455 456/456/456 440/440/440
f 449/449/449 457/457/457 450/450/450
f 449/449/449 458/458/458 457/457/457
f 456/456/456 458/458/458 449/449/449
f 459/459/459 453/453/453 454/454/454
f 450/450/450 459/459/459 454/454/454
f 450/450/450 457/457/457 459/459/459
f 459/459/459 460/460/460 453/453/453
f 460/460/460 459/459/459 457/457/457
f 460/460/460 457/457/457 461/461/461
f 461/461/461 457/457/457 458/458/458
f 456/456/456 455/455/455 462/462/462
f 456/456/456 462/462/462 463/463/463
f 458/458/458 456/456/456 463/463/463
f 458/458/458 463/463/463 464/464/464
f 461/461/461 458/458/458 464/464/464
f 456/456/456 449/449/449 440/440/440
f 453/453/453 465/465/465 466/466/466
f 453/453/453 467/467/467 465/465/465
f 465/465/465 467/467/467 468/468/468
f 465/465/465 468/468/468 469/469/469
f 470/470/470 469/469/469 468/468/468
f 470/470/470 471/471/471 469/469/469
f 469/469/469 471/471/471 472/472/472
f 469/469/469 472/472/472 473/473/473
f 473/473/473 465/465/465 469/469/469
f 473/473/473 466/466/466 465/465/465
f 471/471/471 474/474/474 472/472/472
f 471/471/471 475/475/475 474/474/474
f 470/470/470 475/475/475 471/471/471
f 475/475/475 476/476/476 474/474/474
f 475/475/475 477/477/477 476/476/476
f 478/478/478 477/477/477 475/475/475
f 470/470/470 478/478/478 475/475/475
f 478/478/478 479/479/479 477/477/477
f 480/480/480 468/468/468 467/467/467
f 453/453/453 480/480/480 467/467/467
f 480/480/480 481/481/481 468/468/468
f 470/470/470 468/468/468 481/481/481
f 478/478/478 482/482/482 479/479/479
f 478/478/478 483/483/483 482/482/482
f 470/470/470 483/483/483 478/478/478
f 483/483/483 484/484/484 482/482/482
f 483/483/483 485/485/485 484/484/484
f 470/470/470 481/481/481 486/486/486
f 486/486/486 485/485/485 483/483/483
f 470/470/470 486/486/486 483/483/483
f 481/481/481 487/487/487 486/486/486
f 486/486/486 487/487/487 485/485/485
f 481/481/481 488/488/488 487/487/487
f 480/480/480 488/488/488 481/481/481
f 480/480/480 489/489/489 488/488/488
f 453/453/453 489/489/489 480/480/480
f 490/490/490 491/491/491 492/492/492
f 490/490/490 493/493/493 491/491/491
f 494/494/494 490/490/490 492/492/492
f 494/494/494 492/492/492 495/495/495
f 496/496/496 491/491/491 493/493/493
f 496/496/496 493/493/493 497/497/497
f 498/498/498 494/494/494 495/495/495
f 498/498/498 495/495/495 499/499/499
f 500/500/500 490/490/490 494/494/494
f 500/500/500 494/494/494 501/501/501
f 498/498/498 501/501/501 494/494/494
f 501/501/501 502/502/502 500/500/500
f 501/501/501 503/503/503 502/502/502
f 504/504/504 500/500/500 502/502/502
f 504/504/504 505/505/505 500/500/500
f 505/505/505 490/490/490 500/500/500
f 505/505/505 493/493/493 490/490/490
f 503/503/503 501/501/501 506/506/506
f 498/498/498 506/506/506 501/501/501
f 503/503/503 506/506/506 507/507/507
f 508/508/508 493/493/493 505/505/505
f 508/508/508 497/497/497 493/493/493
f 509/509/509 505/505/505 504/504/504
f 509/509/509 508/508/508 505/505/505
f 496/496/496 497/497/497 510/510/510
f 510/510/510 497/497/497 508/508/508
f 496/496/496 510/510/510 511/511/511
f 512/512/512 511/511/511 510/510/510
f 512/512/512 513/513/513 511/511/511
f 514/514/514 513/513/513 512/512/512
f 514/514/514 515/515/515 513/513/513
f 516/516/516 515/515/515 514/514/514
f 516/516/516 517/517/517 515/515/515
f 518/518/518 514/514/514 512/512/512
f 518/518/518 519/519/519 514/514/514
f 516/516/516 514/514/514 519/519/519
f 519/519/519 518/518/518 520/520/520
f 519/519/519 520/520/520 521/521/521
f 522/522/522 520/520/520 518/518/518
f 522/522/522 518/518/518 523/523/523
f 512/512/512 523/523/523 518/518/518
f 512/512/512 510/510/510 523/523/523
f 510/510/510 508/508/508 523/523/523
f 509/509/509 523/523/523 508/508/508
f 509/509/509 522/522/522 523/523/523
f 521/521/521 524/524/524 519/519/519
f 516/516/516 519/519/519 524/524/524
f 521/521/521 525/525/525 524/524/524
f 526/526/526 527/527/527 528/528/528
f 526/526/526 528/528/528 529/529/529
f 530/530/530 529/529/529 528/528/528
f 530/530/530 528/528/528 531/531/531
f 531/531/531 532/532/532 530/530/530
f 533/533/533 532/532/532 531/531/531
f 533/533/533 534/534/534 532/532/532
f 535/535/535 534/534/534 533/533/533
f 535/535/535 536/536/536 534/534/534
f 537/537/537 536/536/536 535/535/535
f 537/537/537 538/538/538 536/536/536
f 539/539/539 538/538/538 537/537/537
f 526/526/526 540/540/540 527/527/527
f 540/540/540 541/541/541 527/527/527
f 542/542/542 543/543/543 544/544/544
f 542/542/542 545/545/545 543/543/543
f 546/546/546 545/545/545 542/542/542
f 546/546/546 547/547/547 545/545/545
f 548/548/548 547/547/547 546/546/546
f 548/548/548 549/549/549 547/547/547
f 550/550/550 549/549/549 548/548/548
f 550/550/550 551/551/551 549/549/549
f 552/552/552 544/544/544 543/543/543
f 552/552/552 543/543/543 553/553/553
f 554/554/554 552/552/552 553/553/553
f 554/554/554 553/553/553 555/555/555
f 554/554/554 555/555/555 556/556/556
f 554/554/554 556/556/556 557/557/557
f 557/557/557 556/556/556 558/558/558
f 557/557/557 558/558/558 559/559/559
f 559/559/559 558/558/558 560/560/560
f 559/559/559 560/560/560 561/561/561
f 561/561/561 560/560/560 562/562/562
f 561/561/561 562/562/562 563/563/563
f 563/563/563 562/562/562 564/564/564
f 563/563/563 564/564/564 565/565/565
f 565/565/565 564/564/564 566/566/566
f 565/565/565 566/566/566 567/567/567
f 567/567/567 566/566/566 568/568/568
f 551/551/551 569/569/569 570/570/570
f 551/551/551 550/550/550 569/569/569
f 571/571/571 572/572/572 573/573/573
f 571/571/571 574/574/574 572/572/572
f 574/574/574 575/575/575 572/572/572
f 574/574/574 576/576/576 575/575/575
f 575/575/575 576/576/576 577/577/577
f 575/575/575 577/577/577 578/578/578
f 578/578/578 577/577/577 579/579/579
f 578/578/578 579/579/579 580/580/580
f 579/579/579 581/581/581 580/580/580
f 582/582/582 571/571/571 573/573/573
f 582/582/582 573/573/573 583/583/583
f 583/583/583 584/584/584 582/582/582
f 580/580/580 581/581/581 585/585/585
f 586/586/586 580/580/580 585/585/585
f 586/586/586 585/585/585 587/587/587
f 587/587/587 588/588/588 586/586/586
f 586/586/586 588/588/588 589/589/589
f 588/588/588 590/590/590 589/589/589
f 591/591/591 592/592/592 593/593/593
f 594/594/594 591/591/591 593/593/593
f 595/595/595 594/594/594 593/593/593
f 596/596/596 591/591/591 594/594/594
f 596/596/596 594/594/594 597/597/597
f 598/598/598 597/597/597 594/594/594
f 598/598/598 594/594/594 595/595/595
f 597/597/597 599/599/599 596/596/596
f 596/596/596 599/599/599 600/600/600
f 600/600/600 601/601/601 596/596/596
f 601/601/601 591/591/591 596/596/596
f 595/595/595 593/593/593 602/602/602
f 603/603/603 602/602/602 593/593/593
f 603/603/603 593/593/593 604/604/604
f 592/592/592 604/604/604 593/593/593
f 604/604/604 605/605/605 603/603/603
f 604/604/604 606/606/606 605/605/605
f 606/606/606 604/604/604 592/592/592
f 606/606/606 592/592/592 607/607/607
f 607/607/607 608/608/608 606/606/606
f 607/607/607 609/609/609 608/608/608
f 606/606/606 608/608/608 610/610/610
f 605/605/605 606/606/606 610/610/610
f 611/611/611 600/600/600 599/599/599
f 598/598/598 612/612/612 597/597/597
f 613/613/613 612/612/612 598/598/598
f 599/599/599 614/614/614 611/611/611
f 615/615/615 611/611/611 614/614/614
f 616/616/616 611/611/611 615/615/615
f 616/616/616 617/617/617 611/611/611
f 616/616/616 618/618/618 617/617/617
f 618/618/618 619/619/619 617/617/617
f 618/618/618 620/620/620 619/619/619
f 618/618/618 621/621/621 620/620/620
f 618/618/618 622/622/622 621/621/621
f 616/616/616 622/622/622 618/618/618
f 623/623/623 622/622/622 616/616/616
f 616/616/616 615/615/615 623/623/623
f 624/624/624 620/620/620 621/621/621
f 621/621/621 625/625/625 624/624/624
f 621/621/621 626/626/626 625/625/625
f 626/626/626 622/622/622 623/623/623
f 626/626/626 621/621/621 622/622/622
f 624/624/624 625/625/625 627/627/627
f 624/624/624 627/627/627 628/628/628
f 629/629/629 628/628/628 627/627/627
f 629/629/629 627/627/627 630/630/630
f 631/631/631 628/628/628 629/629/629
f 624/624/624 628/628/628 632/632/632
f 624/624/624 632/632/632 620/620/620
f 631/631/631 632/632/632 628/628/628
f 619/619/619 620/620/620 633/633/633
f 619/619/619 633/633/633 634/634/634
f 635/635/635 634/634/634 633/633/633
f 633/633/633 620/620/620 635/635/635
f 632/632/632 635/635/635 620/620/620
f 635/635/635 632/632/632 631/631/631
f 635/635/635 636/636/636 634/634/634
f 636/636/636 635/635/635 631/631/631
f 634/634/634 636/636/636 637/637/637
f 636/636/636 638/638/638 637/637/637
f 636/636/636 631/631/631 638/638/638
f 631/631/631 639/639/639 638/638/638
f 639/639/639 631/631/631 629/629/629
f 640/640/640 638/638/638 639/639/639
f 634/634/634 637/637/637 641/641/641
f 642/642/642 634/634/634 641/641/641
f 634/634/634 642/642/642 619/619/619
f 642/642/642 643/643/643 619/619/619
f 643/643/643 642/642/642 644/644/644
f 643/643/643 644/644/644 645/645/645
f 646/646/646 644/644/644 642/642/642
f 646/646/646 642/642/642 641/641/641
f 647/647/647 643/643/643 645/645/645
f 648/648/648 643/643/643 647/647/647
f 647/647/647 645/645/645 649/649/649
f 648/648/648 650/650/650 643/643/643
f 650/650/650 619/619/619 643/643/643
f 640/640/640 651/651/651 638/638/638
f 651/651/651 640/640/640 652/652/652
f 638/638/638 651/651/651 653/653/653
f 651/651/651 652/652/652 654/654/654
f 655/655/655 651/651/651 654/654/654
f 656/656/656 655/655/655 654/654/654
f 651/651/651 655/655/655 657/657/657
f 651/651/651 657/657/657 653/653/653
f 657/657/657 655/655/655 658/658/658
f 658/658/658 655/655/655 659/659/659
f 655/655/655 656/656/656 659/659/659
f 656/656/656 660/660/660 659/659/659
f 652/652/652 661/661/661 654/654/654
f 661/661/661 662/662/662 654/654/654
f 654/654/654 662/662/662 656/656/656
f 662/662/662 663/663/663 656/656/656
f 656/656/656 663/663/663 660/660/660
f 664/664/664 663/663/663 662/662/662
f 664/664/664 665/665/665 663/663/663
f 665/665/665 666/666/666 663/663/663
f 663/663/663 666/666/666 660/660/660
f 665/665/665 667/667/667 666/666/666
f 668/668/668 666/666/666 667/667/667
f 660/660/660 666/666/666 668/668/668
f 668/668/668 667/667/667 669/669/669
f 664/664/664 662/662/662 670/670/670
f 662/662/662 661/661/661 670/670/670
f 660/660/660 668/668/668 671/671/671
f 659/659/659 660/660/660 671/671/671
f 659/659/659 671/671/671 672/672/672
f 673/673/673 659/659/659 672/672/672
f 668/668/668 669/669/669 674/674/674
f 668/668/668 674/674/674 675/675/675
f 671/671/671 668/668/668 675/675/675
f 676/676/676 675/675/675 674/674/674
f 676/676/676 677/677/677 675/675/675
f 677/677/677 676/676/676 678/678/678
f 677/677/677 678/678/678 679/679/679
f 680/680/680 679/679/679 678/678/678
f 680/680/680 681/681/681 679/679/679
f 679/679/679 682/682/682 677/677/677
f 682/682/682 683/683/683 677/677/677
f 672/672/672 671/671/671 683/683/683
f 683/683/683 675/675/675 677/677/677
f 683/683/683 671/671/671 675/675/675
f 679/679/679 684/684/684 682/682/682
f 684/684/684 679/679/679 681/681/681
f 684/684/684 681/681/681 685/685/685
f 686/686/686 682/682/682 684/684/684
f 682/682/682 686/686/686 687/687/687
f 683/683/683 682/682/682 687/687/687
f 672/672/672 683/683/683 687/687/687
f 688/688/688 687/687/687 686/686/686
f 688/688/688 686/686/686 689/689/689
f 690/690/690 689/689/689 686/686/686
f 690/690/690 686/686/686 691/691/691
f 691/691/691 686/686/686 684/684/684
f 692/692/692 691/691/691 684/684/684
f 692/692/692 684/684/684 685/685/685
f 693/693/693 687/687/687 688/688/688
f 693/693/693 672/672/672 687/687/687
f 690/690/690 691/691/691 694/694/694
f 694/694/694 691/691/691 695/695/695
f 691/691/691 692/692/692 695/695/695
f 696/696/696 694/694/694 695/695/695
f 696/696/696 695/695/695 697/697/697
f 696/696/696 697/697/697 698/698/698
f 699/699/699 696/696/696 698/698/698
f 699/699/699 700/700/700 696/696/696
f 700/700/700 701/701/701 696/696/696
f 701/701/701 694/694/694 696/696/696
f 701/701/701 690/690/690 694/694/694
f 701/701/701 689/689/689 690/690/690
f 702/702/702 701/701/701 700/700/700
f 702/702/702 703/703/703 701/701/701
f 703/703/703 704/704/704 701/701/701
f 704/704/704 703/703/703 705/705/705
f 705/705/705 703/703/703 702/702/702
f 704/704/704 705/705/705 706/706/706
f 704/704/704 707/707/707 701/701/701
f 704/704/704 708/708/708 707/707/707
f 706/706/706 708/708/708 704/704/704
f 705/705/705 702/702/702 709/709/709
f 709/709/709 702/702/702 710/710/710
f 710/710/710 702/702/702 700/700/700
f 709/709/709 710/710/710 711/711/711
f 712/712/712 710/710/710 700/700/700
f 699/699/699 712/712/712 700/700/700
f 712/712/712 713/713/713 710/710/710
f 711/711/711 710/710/710 713/713/713
f 711/711/711 713/713/713 714/714/714
f 715/715/715 714/714/714 713/713/713
f 716/716/716 715/715/715 713/713/713
f 712/712/712 716/716/716 713/713/713
f 712/712/712 717/717/717 716/716/716
f 718/718/718 716/716/716 717/717/717
f 718/718/718 717/717/717 719/719/719
f 718/718/718 720/720/720 716/716/716
f 715/715/715 716/716/716 720/720/720
f 721/721/721 718/718/718 719/719/719
f 715/715/715 720/720/720 722/722/722
f 723/723/723 715/715/715 722/722/722
f 715/715/715 723/723/723 714/714/714
f 723/723/723 722/722/722 724/724/724
f 711/711/711 714/714/714 725/725/725
f 726/726/726 720/720/720 718/718/718
f 726/726/726 727/727/727 720/720/720
f 728/728/728 720/720/720 727/727/727
f 728/728/728 722/722/722 720/720/720
f 729/729/729 722/722/722 728/728/728
f 729/729/729 724/724/724 722/722/722
f 729/729/729 728/728/728 610/610/610
f 721/721/721 730/730/730 718/718/718
f 730/730/730 726/726/726 718/718/718
f 731/731/731 730/730/730 721/721/721
f 732/732/732 731/731/731 721/721/721
f 732/732/732 721/721/721 733/733/733
f 719/719/719 733/733/733 721/721/721
f 734/734/734 731/731/731 732/732/732
f 735/735/735 734/734/734 732/732/732
f 732/732/732 733/733/733 736/736/736
f 735/735/735 732/732/732 736/736/736
f 737/737/737 735/735/735 736/736/736
f 738/738/738 737/737/737 736/736/736
f 736/736/736 733/733/733 739/739/739
f 739/739/739 738/738/738 736/736/736
f 735/735/735 737/737/737 740/740/740
f 735/735/735 740/740/740 741/741/741
f 741/741/741 734/734/734 735/735/735
f 741/741/741 742/742/742 734/734/734
f 741/741/741 740/740/740 743/743/743
f 744/744/744 741/741/741 743/743/743
f 744/744/744 742/742/742 741/741/741
f 744/744/744 745/745/745 742/742/742
f 746/746/746 743/743/743 740/740/740
f 738/738/738 746/746/746 737/737/737
f 746/746/746 740/740/740 737/737/737
f 733/733/733 747/747/747 739/739/739
f 748/748/748 747/747/747 733/733/733
f 748/748/748 733/733/733 719/719/719
f 748/748/748 719/719/719 749/749/749
f 748/748/748 749/749/749 750/750/750
f 749/749/749 698/698/698 750/750/750
f 698/698/698 749/749/749 699/699/699
f 749/749/749 717/717/717 699/699/699
f 717/717/717 749/749/749 719/719/719
f 717/717/717 712/712/712 699/699/699
f 751/751/751 742/742/742 745/745/745
f 751/751/751 752/752/752 742/742/742
f 751/751/751 753/753/753 752/752/752
f 751/751/751 754/754/754 753/753/753
f 755/755/755 753/753/753 754/754/754
f 755/755/755 756/756/756 753/753/753
f 752/752/752 753/753/753 757/757/757
f 756/756/756 757/757/757 753/753/753
f 752/752/752 757/757/757 758/758/758
f 758/758/758 757/757/757 759/759/759
f 759/759/759 757/757/757 760/760/760
f 756/756/756 760/760/760 757/757/757
f 759/759/759 760/760/760 761/761/761
f 761/761/761 760/760/760 762/762/762
f 761/761/761 762/762/762 763/763/763
f 758/758/758 759/759/759 764/764/764
f 763/763/763 765/765/765 761/761/761
f 763/763/763 766/766/766 765/765/765
f 756/756/756 755/755/755 767/767/767
f 756/756/756 767/767/767 768/768/768
f 760/760/760 768/768/768 762/762/762
f 760/760/760 756/756/756 768/768/768
f 769/769/769 761/761/761 765/765/765
f 769/769/769 759/759/759 761/761/761
f 770/770/770 764/764/764 759/759/759
f 770/770/770 759/759/759 769/769/769
f 770/770/770 771/771/771 764/764/764
f 770/770/770 772/772/772 771/771/771
f 772/772/772 612/612/612 771/771/771
f 772/772/772 773/773/773 612/612/612
f 773/773/773 772/772/772 774/774/774
f 773/773/773 774/774/774 775/775/775
f 765/765/765 776/776/776 769/769/769
f 776/776/776 770/770/770 769/769/769
f 765/765/765 777/777/777 776/776/776
f 776/776/776 778/778/778 770/770/770
f 772/772/772 778/778/778 774/774/774
f 772/772/772 770/770/770 778/778/778
f 774/774/774 778/778/778 779/779/779
f 774/774/774 779/779/779 780/780/780
f 774/774/774 780/780/780 775/775/775
f 781/781/781 778/778/778 776/776/776
f 781/781/781 779/779/779 778/778/778
f 777/777/777 781/781/781 776/776/776
f 779/779/779 782/782/782 780/780/780
f 780/780/780 782/782/782 783/783/783
f 784/784/784 783/783/783 782/782/782
f 783/783/783 784/784/784 785/785/785
f 783/783/783 785/785/785 786/786/786
f 784/784/784 787/787/787 785/785/785
f 784/784/784 788/788/788 787/787/787
f 789/789/789 787/787/787 788/788/788
f 789/789/789 790/790/790 787/787/787
f 791/791/791 789/789/789 788/788/788
f 791/791/791 788/788/788 792/792/792
f 792/792/792 788/788/788 784/784/784
f 791/791/791 792/792/792 793/793/793
f 791/791/791 793/793/793 794/794/794
f 795/795/795 794/794/794 793/793/793
f 795/795/795 796/796/796 794/794/794
f 797/797/797 795/795/795 793/793/793
f 797/797/797 793/793/793 798/798/798
f 798/798/798 793/793/793 792/792/792
f 799/799/799 796/796/796 795/795/795
f 799/799/799 800/800/800 796/796/796
f 799/799/799 801/801/801 800/800/800
f 799/799/799 802/802/802 801/801/801
f 798/798/798 792/792/792 803/803/803
f 803/803/803 804/804/804 798/798/798
f 797/797/797 798/798/798 804/804/804
f 803/803/803 782/782/782 804/804/804
f 784/784/784 782/782/782 803/803/803
f 792/792/792 784/784/784 803/803/803
f 797/797/797 804/804/804 805/805/805
f 797/797/797 805/805/805 806/806/806
f 797/797/797 806/806/806 807/807/807
f 807/807/807 795/795/795 797/797/797
f 807/807/807 799/799/799 795/795/795
f 802/802/802 799/799/799 807/807/807
f 807/807/807 806/806/806 808/808/808
f 807/807/807 808/808/808 809/809/809
f 802/802/802 807/807/807 809/809/809
f 810/810/810 808/808/808 806/806/806
f 810/810/810 806/806/806 811/811/811
f 781/781/781 811/811/811 806/806/806
f 781/781/781 806/806/806 805/805/805
f 779/779/779 804/804/804 782/782/782
f 779/779/779 781/781/781 805/805/805
f 779/779/779 805/805/805 804/804/804
f 777/777/777 811/811/811 781/781/781
f 810/810/810 811/811/811 812/812/812
f 811/811/811 777/777/777 812/812/812
f 812/812/812 777/777/777 765/765/765
f 812/812/812 765/765/765 766/766/766
f 813/813/813 814/814/814 815/815/815
f 816/816/816 815/815/815 814/814/814
f 817/817/817 813/813/813 815/815/815
f 818/818/818 817/817/817 815/815/815
f 813/813/813 817/817/817 819/819/819
f 820/820/820 819/819/819 817/817/817
f 817/817/817 821/821/821 820/820/820
f 817/817/817 818/818/818 821/821/821
f 822/822/822 820/820/820 821/821/821
f 822/822/822 821/821/821 823/823/823
f 824/824/824 820/820/820 822/822/822
f 820/820/820 824/824/824 819/819/819
f 824/824/824 822/822/822 825/825/825
f 825/825/825 822/822/822 826/826/826
f 826/826/826 822/822/822 823/823/823
f 825/825/825 826/826/826 827/827/827
f 707/707/707 826/826/826 823/823/823
f 818/818/818 815/815/815 828/828/828
f 829/829/829 828/828/828 815/815/815
f 816/816/816 829/829/829 815/815/815
f 707/707/707 708/708/708 826/826/826
f 829/829/829 658/658/658 828/828/828
f 829/829/829 830/830/830 658/658/658
f 830/830/830 657/657/657 658/658/658
f 830/830/830 831/831/831 657/657/657
f 831/831/831 653/653/653 657/657/657
f 831/831/831 641/641/641 653/653/653
f 641/641/641 637/637/637 653/653/653
f 638/638/638 653/653/653 637/637/637
f 646/646/646 641/641/641 831/831/831
f 832/832/832 646/646/646 831/831/831
f 832/832/832 830/830/830 829/829/829
f 832/832/832 831/831/831 830/830/830
f 816/816/816 832/832/832 829/829/829
f 832/832/832 833/833/833 646/646/646
f 832/832/832 816/816/816 833/833/833
f 644/644/644 646/646/646 833/833/833
f 834/834/834 644/644/644 833/833/833
f 835/835/835 834/834/834 833/833/833
f 835/835/835 833/833/833 816/816/816
f 835/835/835 836/836/836 834/834/834
f 836/836/836 837/837/837 834/834/834
f 834/834/834 837/837/837 838/838/838
f 838/838/838 645/645/645 834/834/834
f 645/645/645 644/644/644 834/834/834
f 645/645/645 838/838/838 649/649/649
f 649/649/649 838/838/838 839/839/839
f 839/839/839 838/838/838 840/840/840
f 840/840/840 838/838/838 837/837/837
f 841/841/841 839/839/839 840/840/840
f 649/649/649 839/839/839 842/842/842
f 841/841/841 842/842/842 839/839/839
f 842/842/842 841/841/841 843/843/843
f 649/649/649 842/842/842 844/844/844
f 601/601/601 649/649/649 844/844/844
f 601/601/601 647/647/647 649/649/649
f 648/648/648 647/647/647 601/601/601
f 648/648/648 601/601/601 600/600/600
f 617/617/617 648/648/648 600/600/600
f 617/617/617 600/600/600 611/611/611
f 650/650/650 648/648/648 617/617/617
f 650/650/650 617/617/617 619/619/619
f 591/591/591 601/601/601 844/844/844
f 592/592/592 591/591/591 844/844/844
f 607/607/607 844/844/844 842/842/842
f 607/607/607 592/592/592 844/844/844
f 842/842/842 609/609/609 607/607/607
f 842/842/842 843/843/843 609/609/609
f 828/828/828 659/659/659 673/673/673
f 828/828/828 658/658/658 659/659/659
f 828/828/828 673/673/673 818/818/818
f 818/818/818 673/673/673 693/693/693
f 821/821/821 818/818/818 693/693/693
f 688/688/688 821/821/821 693/693/693
f 688/688/688 823/823/823 821/821/821
f 707/707/707 823/823/823 688/688/688
f 707/707/707 688/688/688 689/689/689
f 701/701/701 707/707/707 689/689/689
f 693/693/693 673/673/673 672/672/672
f 845/845/845 846/846/846 847/847/847
f 845/845/845 848/848/848 846/846/846
f 845/845/845 849/849/849 848/848/848
f 845/845/845 850/850/850 849/849/849
f 850/850/850 851/851/851 849/849/849
f 850/850/850 852/852/852 851/851/851
f 853/853/853 851/851/851 852/852/852
f 853/853/853 854/854/854 851/851/851
f 854/854/854 853/853/853 855/855/855
f 854/854/854 855/855/855 856/856/856
f 847/847/847 846/846/846 857/857/857
f 847/847/847 857/857/857 858/858/858
f 858/858/858 857/857/857 859/859/859
f 858/858/858 859/859/859 860/860/860
f 860/860/860 859/859/859 861/861/861
f 860/860/860 861/861/861 862/862/862
f 863/863/863 862/862/862 861/861/861
f 863/863/863 864/864/864 862/862/862
f 865/865/865 864/864/864 863/863/863
f 865/865/865 866/866/866 864/864/864
f 867/867/867 856/856/856 855/855/855
f 867/867/867 868/868/868 856/856/856
f 869/869/869 868/868/868 867/867/867
f 869/869/869 870/870/870 868/868/868
f 871/871/871 870/870/870 869/869/869
f 871/871/871 872/872/872 870/870/870
f 873/873/873 872/872/872 871/871/871
f 873/873/873 871/871/871 874/874/874
f 875/875/875 873/873/873 874/874/874
f 875/875/875 874/874/874 876/876/876
f 876/876/876 877/877/877 875/875/875
f 876/876/876 878/878/878 877/877/877
f 879/879/879 877/877/877 878/878/878
f 879/879/879 878/878/878 880/880/880
f 880/880/880 881/881/881 879/879/879
f 880/880/880 882/882/882 881/881/881
f 882/882/882 883/883/883 881/881/881
f 882/882/882 884/884/884 883/883/883
f 885/885/885 883/883/883 884/884/884
f 885/885/885 884/884/884 886/886/886
f 885/885/885 886/886/886 887/887/887
f 885/885/885 887/887/887 888/888/888
f 889/889/889 888/888/888 887/887/887
f 889/889/889 890/890/890 888/888/888
f 866/866/866 890/890/890 889/889/889
f 866/866/866 865/865/865 890/890/890
f 891/891/891 892/892/892 893/893/893
f 894/894/894 892/892/892 891/891/891
f 893/893/893 892/892/892 895/895/895
f 895/895/895 892/892/892 896/896/896
f 896/896/896 892/892/892 897/897/897
f 898/898/898 892/892/892 894/894/894
f 897/897/897 892/892/892 899/899/899
f 899/899/899 892/892/892 900/900/900
f 900/900/900 892/892/892 901/901/901
f 901/901/901 892/892/892 898/898/898
f 902/902/902 897/897/897 899/899/899
f 903/903/903 900/900/900 901/901/901
f 901/901/901 904/904/904 903/903/903
f 904/904/904 901/901/901 905/905/905
f 901/901/901 906/906/906 905/905/905
f 901/901/901 898/898/898 906/906/906
f 894/894/894 891/891/891 907/907/907
f 908/908/908 894/894/894 907/907/907
f 894/894/894 908/908/908 909/909/909
f 909/909/909 898/898/898 894/894/894
f 910/910/910 897/897/897 902/902/902
f 897/897/897 910/910/910 911/911/911
f 896/896/896 897/897/897 911/911/911
f 911/911/911 912/912/912 896/896/896
f 902/902/902 899/899/899 913/913/913
f 914/914/914 913/913/913 899/899/899
f 899/899/899 900/900/900 914/914/914
f 915/915/915 914/914/914 900/900/900
f 903/903/903 915/915/915 900/900/900
f 912/912/912 916/916/916 896/896/896
f 895/895/895 896/896/896 916/916/916
f 916/916/916 917/917/917 895/895/895
f 895/895/895 917/917/917 918/918/918
f 895/895/895 918/918/918 893/893/893
f 918/918/918 919/919/919 893/893/893
f 893/893/893 919/919/919 920/920/920
f 893/893/893 920/920/920 891/891/891
f 920/920/920 921/921/921 891/891/891
f 922/922/922 891/891/891 921/921/921
f 922/922/922 907/907/907 891/891/891
f 923/923/923 924/924/924 898/898/898
f 924/924/924 906/906/906 898/898/898
f 909/909/909 923/923/923 898/898/898
f 925/925/925 837/837/837 926/926/926
f 926/926/926 837/837/837 836/836/836
f 927/927/927 926/926/926 836/836/836
f 927/927/927 928/928/928 926/926/926
f 928/928/928 927/927/927 929/929/929
f 835/835/835 929/929/929 927/927/927
f 835/835/835 927/927/927 836/836/836
f 835/835/835 816/816/816 929/929/929
f 929/929/929 816/816/816 814/814/814
f 930/930/930 929/929/929 814/814/814
f 928/928/928 929/929/929 930/930/930
f 814/814/814 813/813/813 930/930/930
f 931/931/931 930/930/930 813/813/813
f 813/813/813 819/819/819 931/931/931
f 824/824/824 931/931/931 819/819/819
f 824/824/824 932/932/932 931/931/931
f 932/932/932 824/824/824 825/825/825
f 932/932/932 825/825/825 933/933/933
f 933/933/933 825/825/825 934/934/934
f 825/825/825 827/827/827 934/934/934
f 934/934/934 827/827/827 935/935/935
f 934/934/934 935/935/935 936/936/936
f 935/935/935 937/937/937 936/936/936
f 935/935/935 706/706/706 937/937/937
f 706/706/706 935/935/935 708/708/708
f 705/705/705 937/937/937 706/706/706
f 705/705/705 938/938/938 937/937/937
f 938/938/938 705/705/705 709/709/709
f 939/939/939 938/938/938 709/709/709
f 935/935/935 826/826/826 708/708/708
f 935/935/935 827/827/827 826/826/826
f 939/939/939 709/709/709 725/725/725
f 725/725/725 709/709/709 711/711/711
f 597/597/597 940/940/940 614/614/614
f 597/597/597 614/614/614 599/599/599
f 597/597/597 612/612/612 940/940/940
f 940/940/940 773/773/773 614/614/614
f 940/940/940 612/612/612 773/773/773
f 773/773/773 941/941/941 614/614/614
f 614/614/614 941/941/941 615/615/615
f 942/942/942 615/615/615 941/941/941
f 623/623/623 615/615/615 942/942/942
f 943/943/943 623/623/623 942/942/942
f 942/942/942 944/944/944 943/943/943
f 775/775/775 944/944/944 942/942/942
f 773/773/773 775/775/775 941/941/941
f 941/941/941 775/775/775 942/942/942
f 944/944/944 945/945/945 943/943/943
f 783/783/783 945/945/945 944/944/944
f 783/783/783 786/786/786 945/945/945
f 780/780/780 783/783/783 944/944/944
f 780/780/780 944/944/944 775/775/775
f 946/946/946 945/945/945 786/786/786
f 947/947/947 946/946/946 786/786/786
f 947/947/947 786/786/786 785/785/785
f 948/948/948 947/947/947 785/785/785
f 948/948/948 785/785/785 787/787/787
f 949/949/949 948/948/948 787/787/787
f 949/949/949 787/787/787 790/790/790
f 946/946/946 950/950/950 945/945/945
f 951/951/951 948/948/948 949/949/949
f 951/951/951 952/952/952 948/948/948
f 952/952/952 947/947/947 948/948/948
f 953/953/953 952/952/952 951/951/951
f 952/952/952 953/953/953 954/954/954
f 955/955/955 952/952/952 954/954/954
f 952/952/952 955/955/955 947/947/947
f 955/955/955 946/946/946 947/947/947
f 956/956/956 955/955/955 954/954/954
f 956/956/956 957/957/957 955/955/955
f 955/955/955 957/957/957 946/946/946
f 946/946/946 957/957/957 950/950/950
f 957/957/957 956/956/956 958/958/958
f 957/957/957 958/958/958 959/959/959
f 950/950/950 957/957/957 959/959/959
f 630/630/630 959/959/959 958/958/958
f 630/630/630 627/627/627 959/959/959
f 950/950/950 959/959/959 960/960/960
f 960/960/960 959/959/959 627/627/627
f 627/627/627 625/625/625 960/960/960
f 626/626/626 960/960/960 625/625/625
f 626/626/626 961/961/961 960/960/960
f 961/961/961 945/945/945 960/960/960
f 945/945/945 950/950/950 960/960/960
f 961/961/961 626/626/626 623/623/623
f 961/961/961 623/623/623 943/943/943
f 961/961/961 943/943/943 945/945/945
f 728/728/728 605/605/605 610/610/610
f 605/605/605 728/728/728 727/727/727
f 605/605/605 727/727/727 603/603/603
f 726/726/726 603/603/603 727/727/727
f 603/603/603 726/726/726 602/602/602
f 595/595/595 602/602/602 726/726/726
f 595/595/595 726/726/726 730/730/730
f 598/598/598 595/595/595 730/730/730
f 598/598/598 730/730/730 731/731/731
f 613/613/613 598/598/598 731/731/731
f 734/734/734 613/613/613 731/731/731
f 613/613/613 734/734/734 962/962/962
f 613/613/613 962/962/962 771/771/771
f 764/764/764 771/771/771 962/962/962
f 764/764/764 962/962/962 758/758/758
f 962/962/962 734/734/734 758/758/758
f 742/742/742 758/758/758 734/734/734
f 742/742/742 752/752/752 758/758/758
f 613/613/613 771/771/771 612/612/612
f 925/925/925 840/840/840 837/837/837
f 963/963/963 964/964/964 965/965/965
f 966/966/966 965/965/965 964/964/964
f 966/966/966 967/967/967 965/965/965
f 968/968/968 964/964/964 963/963/963
f 968/968/968 969/969/969 964/964/964
f 968/968/968 970/970/970 969/969/969
f 964/964/964 971/971/971 966/966/966
f 964/964/964 972/972/972 971/971/971
f 969/969/969 972/972/972 964/964/964
f 969/969/969 973/973/973 972/972/972
f 974/974/974 966/966/966 971/971/971
f 966/966/966 974/974/974 975/975/975
f 966/966/966 975/975/975 967/967/967
f 974/974/974 971/971/971 976/976/976
f 972/972/972 977/977/977 971/971/971
f 976/976/976 971/971/971 977/977/977
f 972/972/972 978/978/978 977/977/977
f 973/973/973 978/978/978 972/972/972
f 973/973/973 979/979/979 978/978/978
f 976/976/976 977/977/977 980/980/980
f 978/978/978 980/980/980 977/977/977
f 981/981/981 978/978/978 979/979/979
f 978/978/978 981/981/981 980/980/980
f 980/980/980 981/981/981 982/982/982
f 981/981/981 983/983/983 982/982/982
f 984/984/984 982/982/982 983/983/983
f 984/984/984 985/985/985 982/982/982
f 986/986/986 985/985/985 984/984/984
f 986/986/986 987/987/987 985/985/985
f 986/986/986 988/988/988 987/987/987
f 986/986/986 989/989/989 988/988/988
f 990/990/990 987/987/987 988/988/988
f 987/987/987 991/991/991 985/985/985
f 987/987/987 992/992/992 991/991/991
f 992/992/992 987/987/987 993/993/993
f 987/987/987 990/990/990 993/993/993
f 992/992/992 994/994/994 991/991/991
f 992/992/992 995/995/995 994/994/994
f 985/985/985 996/996/996 982/982/982
f 985/985/985 991/991/991 996/996/996
f 996/996/996 991/991/991 994/994/994
f 996/996/996 994/994/994 980/980/980
f 980/980/980 982/982/982 996/996/996
f 992/992/992 993/993/993 997/997/997
f 992/992/992 997/997/997 998/998/998
f 995/995/995 992/992/992 998/998/998
f 986/986/986 999/999/999 989/989/989
f 986/986/986 1000/1000/1000 999/999/999
f 1000/1000/1000 1001/1001/1001 999/999/999
f 1001/1001/1001 1000/1000/1000 1002/1002/1002
f 1000/1000/1000 1003/1003/1003 1002/1002/1002
f 1000/1000/1000 1004/1004/1004 1003/1003/1003
f 1000/1000/1000 1005/1005/1005 1004/1004/1004
f 986/986/986 1005/1005/1005 1000/1000/1000
f 986/986/986 984/984/984 1005/1005/1005
f 1003/1003/1003 1004/1004/1004 1006/1006/1006
f 1003/1003/1003 1006/1006/1006 1007/1007/1007
f 984/984/984 1008/1008/1008 1005/1005/1005
f 984/984/984 983/983/983 1008/1008/1008
f 1005/1005/1005 1009/1009/1009 1004/1004/1004
f 1005/1005/1005 1008/1008/1008 1009/1009/1009
f 1009/1009/1009 1006/1006/1006 1004/1004/1004
f 1009/1009/1009 1010/1010/1010 1006/1006/1006
f 1010/1010/1010 1009/1009/1009 1008/1008/1008
f 1011/1011/1011 1008/1008/1008 983/983/983
f 1010/1010/1010 1008/1008/1008 1011/1011/1011
f 1011/1011/1011 983/983/983 1012/1012/1012
f 981/981/981 1012/1012/1012 983/983/983
f 981/981/981 979/979/979 1012/1012/1012
f 1011/1011/1011 1012/1012/1012 979/979/979
f 1011/1011/1011 979/979/979 1013/1013/1013
f 1013/1013/1013 1010/1010/1010 1011/1011/1011
f 973/973/973 1013/1013/1013 979/979/979
f 973/973/973 1014/1014/1014 1013/1013/1013
f 969/969/969 1014/1014/1014 973/973/973
f 969/969/969 1015/1015/1015 1014/1014/1014
f 1016/1016/1016 1015/1015/1015 969/969/969
f 1016/1016/1016 969/969/969 970/970/970
f 1015/1015/1015 1016/1016/1016 1017/1017/1017
f 1015/1015/1015 1017/1017/1017 1018/1018/1018
f 1019/1019/1019 1015/1015/1015 1018/1018/1018
f 1019/1019/1019 1018/1018/1018 1020/1020/1020
f 1015/1015/1015 1021/1021/1021 1014/1014/1014
f 1015/1015/1015 1019/1019/1019 1021/1021/1021
f 1021/1021/1021 1019/1019/1019 1022/1022/1022
f 1022/1022/1022 1019/1019/1019 1023/1023/1023
f 1023/1023/1023 1019/1019/1019 1020/1020/1020
f 1021/1021/1021 1022/1022/1022 1024/1024/1024
f 1014/1014/1014 1025/1025/1025 1013/1013/1013
f 1014/1014/1014 1021/1021/1021 1025/1025/1025
f 1024/1024/1024 1025/1025/1025 1021/1021/1021
f 1024/1024/1024 1010/1010/1010 1025/1025/1025
f 1013/1013/1013 1025/1025/1025 1010/1010/1010
f 1026/1026/1026 1027/1027/1027 1028/1028/1028
f 1027/1027/1027 1029/1029/1029 1028/1028/1028
f 1029/1029/1029 1030/1030/1030 1028/1028/1028
f 1027/1027/1027 1031/1031/1031 1029/1029/1029
f 1029/1029/1029 1031/1031/1031 1032/1032/1032
f 1032/1032/1032 1033/1033/1033 1029/1029/1029
f 1029/1029/1029 1033/1033/1033 1030/1030/1030
f 1034/1034/1034 1032/1032/1032 1031/1031/1031
f 1034/1034/1034 1031/1031/1031 1035/1035/1035
f 1036/1036/1036 1035/1035/1035 1031/1031/1031
f 1027/1027/1027 1036/1036/1036 1031/1031/1031
f 1028/1028/1028 1030/1030/1030 1037/1037/1037
f 1028/1028/1028 1037/1037/1037 1038/1038/1038
f 1028/1028/1028 1038/1038/1038 1039/1039/1039
f 1039/1039/1039 1026/1026/1026 1028/1028/1028
f 1039/1039/1039 1038/1038/1038 1040/1040/1040
f 1039/1039/1039 1040/1040/1040 1041/1041/1041
f 1041/1041/1041 1026/1026/1026 1039/1039/1039
f 1041/1041/1041 1042/1042/1042 1026/1026/1026
f 1043/1043/1043 1042/1042/1042 1041/1041/1041
f 1043/1043/1043 1044/1044/1044 1042/1042/1042
f 1043/1043/1043 1041/1041/1041 1045/1045/1045
f 1041/1041/1041 1040/1040/1040 1045/1045/1045
f 1035/1035/1035 1046/1046/1046 1034/1034/1034
f 1047/1047/1047 1033/1033/1033 1032/1032/1032
f 1047/1047/1047 1048/1048/1048 1033/1033/1033
f 1049/1049/1049 1034/1034/1034 1046/1046/1046
f 1046/1046/1046 1050/1050/1050 1049/1049/1049
f 1046/1046/1046 1051/1051/1051 1050/1050/1050
f 1052/1052/1052 1051/1051/1051 1046/1046/1046
f 1053/1053/1053 1051/1051/1051 1052/1052/1052
f 1054/1054/1054 1053/1053/1053 1052/1052/1052
f 1055/1055/1055 1053/1053/1053 1054/1054/1054
f 1056/1056/1056 1053/1053/1053 1055/1055/1055
f 1056/1056/1056 1057/1057/1057 1053/1053/1053
f 1057/1057/1057 1051/1051/1051 1053/1053/1053
f 1057/1057/1057 1058/1058/1058 1051/1051/1051
f 1050/1050/1050 1051/1051/1051 1058/1058/1058
f 1055/1055/1055 1059/1059/1059 1056/1056/1056
f 1056/1056/1056 1059/1059/1059 1060/1060/1060
f 1056/1056/1056 1060/1060/1060 1061/1061/1061
f 1057/1057/1057 1061/1061/1061 1058/1058/1058
f 1057/1057/1057 1056/1056/1056 1061/1061/1061
f 1059/1059/1059 1062/1062/1062 1060/1060/1060
f 1059/1059/1059 1063/1063/1063 1062/1062/1062
f 1063/1063/1063 1064/1064/1064 1062/1062/1062
f 1062/1062/1062 1064/1064/1064 1065/1065/1065
f 1063/1063/1063 1066/1066/1066 1064/1064/1064
f 1063/1063/1063 1059/1059/1059 1067/1067/1067
f 1055/1055/1055 1067/1067/1067 1059/1059/1059
f 1067/1067/1067 1066/1066/1066 1063/1063/1063
f 1055/1055/1055 1054/1054/1054 1068/1068/1068
f 1068/1068/1068 1054/1054/1054 1069/1069/1069
f 1070/1070/1070 1068/1068/1068 1069/1069/1069
f 1055/1055/1055 1068/1068/1068 1070/1070/1070
f 1070/1070/1070 1067/1067/1067 1055/1055/1055
f 1067/1067/1067 1070/1070/1070 1066/1066/1066
f 1070/1070/1070 1069/1069/1069 1071/1071/1071
f 1070/1070/1070 1071/1071/1071 1066/1066/1066
f 1071/1071/1071 1069/1069/1069 1072/1072/1072
f 1073/1073/1073 1071/1071/1071 1072/1072/1072
f 1066/1066/1066 1071/1071/1071 1073/1073/1073
f 1074/1074/1074 1066/1066/1066 1073/1073/1073
f 1066/1066/1066 1074/1074/1074 1064/1064/1064
f 1073/1073/1073 1075/1075/1075 1074/1074/1074
f 1072/1072/1072 1069/1069/1069 1076/1076/1076
f 1069/1069/1069 1077/1077/1077 1076/1076/1076
f 1077/1077/1077 1069/1069/1069 1054/1054/1054
f 1078/1078/1078 1077/1077/1077 1054/1054/1054
f 1077/1077/1077 1078/1078/1078 1079/1079/1079
f 1079/1079/1079 1078/1078/1078 1080/1080/1080
f 1079/1079/1079 1081/1081/1081 1077/1077/1077
f 1077/1077/1077 1081/1081/1081 1076/1076/1076
f 1078/1078/1078 1082/1082/1082 1080/1080/1080
f 1078/1078/1078 1083/1083/1083 1082/1082/1082
f 1080/1080/1080 1082/1082/1082 1084/1084/1084
f 1085/1085/1085 1083/1083/1083 1078/1078/1078
f 1054/1054/1054 1085/1085/1085 1078/1078/1078
f 1086/1086/1086 1075/1075/1075 1073/1073/1073
f 1075/1075/1075 1086/1086/1086 1087/1087/1087
f 1086/1086/1086 1073/1073/1073 1088/1088/1088
f 1087/1087/1087 1086/1086/1086 1089/1089/1089
f 1086/1086/1086 1090/1090/1090 1089/1089/1089
f 1090/1090/1090 1091/1091/1091 1089/1089/1089
f 1090/1090/1090 1086/1086/1086 1092/1092/1092
f 1092/1092/1092 1086/1086/1086 1088/1088/1088
f 1090/1090/1090 1092/1092/1092 1093/1093/1093
f 1090/1090/1090 1093/1093/1093 1094/1094/1094
f 1091/1091/1091 1090/1090/1090 1094/1094/1094
f 1095/1095/1095 1091/1091/1091 1094/1094/1094
f 1096/1096/1096 1087/1087/1087 1089/1089/1089
f 1097/1097/1097 1096/1096/1096 1089/1089/1089
f 1097/1097/1097 1089/1089/1089 1091/1091/1091
f 1098/1098/1098 1097/1097/1097 1091/1091/1091
f 1098/1098/1098 1091/1091/1091 1095/1095/1095
f 1099/1099/1099 1097/1097/1097 1098/1098/1098
f 1099/1099/1099 1098/1098/1098 1100/1100/1100
f 1100/1100/1100 1098/1098/1098 1101/1101/1101
f 1101/1101/1101 1098/1098/1098 1095/1095/1095
f 1100/1100/1100 1101/1101/1101 1102/1102/1102
f 1103/1103/1103 1102/1102/1102 1101/1101/1101
f 1101/1101/1101 1095/1095/1095 1103/1103/1103
f 1103/1103/1103 1104/1104/1104 1102/1102/1102
f 1097/1097/1097 1099/1099/1099 1105/1105/1105
f 1096/1096/1096 1097/1097/1097 1105/1105/1105
f 1103/1103/1103 1095/1095/1095 1106/1106/1106
f 1095/1095/1095 1094/1094/1094 1106/1106/1106
f 1106/1106/1106 1094/1094/1094 1107/1107/1107
f 1094/1094/1094 1108/1108/1108 1107/1107/1107
f 1103/1103/1103 1109/1109/1109 1104/1104/1104
f 1103/1103/1103 1110/1110/1110 1109/1109/1109
f 1103/1103/1103 1106/1106/1106 1110/1110/1110
f 1111/1111/1111 1109/1109/1109 1110/1110/1110
f 1111/1111/1111 1110/1110/1110 1112/1112/1112
f 1112/1112/1112 1113/1113/1113 1111/1111/1111
f 1112/1112/1112 1114/1114/1114 1113/1113/1113
f 680/680/680 1113/1113/1113 1114/1114/1114
f 680/680/680 1114/1114/1114 681/681/681
f 1114/1114/1114 1112/1112/1112 1115/1115/1115
f 1116/1116/1116 1115/1115/1115 1112/1112/1112
f 1106/1106/1106 1107/1107/1107 1116/1116/1116
f 1110/1110/1110 1116/1116/1116 1112/1112/1112
f 1106/1106/1106 1116/1116/1116 1110/1110/1110
f 1114/1114/1114 1115/1115/1115 1117/1117/1117
f 1117/1117/1117 681/681/681 1114/1114/1114
f 1117/1117/1117 685/685/685 681/681/681
f 1115/1115/1115 1118/1118/1118 1117/1117/1117
f 1118/1118/1118 1115/1115/1115 1119/1119/1119
f 1115/1115/1115 1116/1116/1116 1119/1119/1119
f 1116/1116/1116 1107/1107/1107 1119/1119/1119
f 1120/1120/1120 1118/1118/1118 1119/1119/1119
f 1120/1120/1120 1121/1121/1121 1118/1118/1118
f 1118/1118/1118 1121/1121/1121 1122/1122/1122
f 1118/1118/1118 1122/1122/1122 1123/1123/1123
f 1118/1118/1118 1123/1123/1123 1117/1117/1117
f 1123/1123/1123 692/692/692 1117/1117/1117
f 1117/1117/1117 692/692/692 685/685/685
f 1119/1119/1119 1124/1124/1124 1120/1120/1120
f 1119/1119/1119 1107/1107/1107 1124/1124/1124
f 1123/1123/1123 1122/1122/1122 1125/1125/1125
f 1123/1123/1123 1125/1125/1125 695/695/695
f 692/692/692 1123/1123/1123 695/695/695
f 695/695/695 1125/1125/1125 1126/1126/1126
f 695/695/695 1126/1126/1126 697/697/697
f 697/697/697 1126/1126/1126 698/698/698
f 1126/1126/1126 1127/1127/1127 698/698/698
f 1128/1128/1128 1127/1127/1127 1126/1126/1126
f 1129/1129/1129 1128/1128/1128 1126/1126/1126
f 1125/1125/1125 1129/1129/1129 1126/1126/1126
f 1122/1122/1122 1129/1129/1129 1125/1125/1125
f 1121/1121/1121 1129/1129/1129 1122/1122/1122
f 1129/1129/1129 1130/1130/1130 1128/1128/1128
f 1131/1131/1131 1130/1130/1130 1129/1129/1129
f 1132/1132/1132 1131/1131/1131 1129/1129/1129
f 1132/1132/1132 1133/1133/1133 1131/1131/1131
f 1130/1130/1130 1131/1131/1131 1133/1133/1133
f 1132/1132/1132 1134/1134/1134 1133/1133/1133
f 1135/1135/1135 1132/1132/1132 1129/1129/1129
f 1136/1136/1136 1132/1132/1132 1135/1135/1135
f 1136/1136/1136 1134/1134/1134 1132/1132/1132
f 1130/1130/1130 1133/1133/1133 1137/1137/1137
f 1137/1137/1137 1138/1138/1138 1130/1130/1130
f 1130/1130/1130 1138/1138/1138 1128/1128/1128
f 1137/1137/1137 1139/1139/1139 1138/1138/1138
f 1140/1140/1140 1128/1128/1128 1138/1138/1138
f 1140/1140/1140 1127/1127/1127 1128/1128/1128
f 1140/1140/1140 1138/1138/1138 1141/1141/1141
f 1138/1138/1138 1139/1139/1139 1141/1141/1141
f 1141/1141/1141 1139/1139/1139 1142/1142/1142
f 1142/1142/1142 1143/1143/1143 1141/1141/1141
f 1143/1143/1143 1144/1144/1144 1141/1141/1141
f 1144/1144/1144 1140/1140/1140 1141/1141/1141
f 1145/1145/1145 1140/1140/1140 1144/1144/1144
f 1146/1146/1146 1145/1145/1145 1144/1144/1144
f 1145/1145/1145 1146/1146/1146 1147/1147/1147
f 1146/1146/1146 1144/1144/1144 1148/1148/1148
f 1148/1148/1148 1144/1144/1144 1143/1143/1143
f 1146/1146/1146 1149/1149/1149 1147/1147/1147
f 1148/1148/1148 1143/1143/1143 1150/1150/1150
f 1150/1150/1150 1143/1143/1143 1151/1151/1151
f 1151/1151/1151 1143/1143/1143 1142/1142/1142
f 1150/1150/1150 1151/1151/1151 1152/1152/1152
f 1142/1142/1142 1139/1139/1139 1153/1153/1153
f 1148/1148/1148 1154/1154/1154 1146/1146/1146
f 1148/1148/1148 1155/1155/1155 1154/1154/1154
f 1156/1156/1156 1148/1148/1148 1150/1150/1150
f 1156/1156/1156 1155/1155/1155 1148/1148/1148
f 1157/1157/1157 1150/1150/1150 1152/1152/1152
f 1157/1157/1157 1156/1156/1156 1150/1150/1150
f 1156/1156/1156 1157/1157/1157 1045/1045/1045
f 1158/1158/1158 1149/1149/1149 1146/1146/1146
f 1154/1154/1154 1158/1158/1158 1146/1146/1146
f 1158/1158/1158 1159/1159/1159 1149/1149/1149
f 1159/1159/1159 1160/1160/1160 1149/1149/1149
f 1149/1149/1149 1160/1160/1160 1161/1161/1161
f 1161/1161/1161 1147/1147/1147 1149/1149/1149
f 1159/1159/1159 1162/1162/1162 1160/1160/1160
f 1162/1162/1162 1163/1163/1163 1160/1160/1160
f 1161/1161/1161 1160/1160/1160 1164/1164/1164
f 1160/1160/1160 1163/1163/1163 1164/1164/1164
f 1163/1163/1163 1165/1165/1165 1164/1164/1164
f 1165/1165/1165 738/738/738 1164/1164/1164
f 1161/1161/1161 1164/1164/1164 739/739/739
f 738/738/738 739/739/739 1164/1164/1164
f 1165/1165/1165 1163/1163/1163 1166/1166/1166
f 1166/1166/1166 1163/1163/1163 1167/1167/1167
f 1162/1162/1162 1167/1167/1167 1163/1163/1163
f 1168/1168/1168 1167/1167/1167 1162/1162/1162
f 1166/1166/1166 1167/1167/1167 743/743/743
f 1167/1167/1167 744/744/744 743/743/743
f 1168/1168/1168 744/744/744 1167/1167/1167
f 745/745/745 744/744/744 1168/1168/1168
f 743/743/743 746/746/746 1166/1166/1166
f 746/746/746 738/738/738 1165/1165/1165
f 1166/1166/1166 746/746/746 1165/1165/1165
f 747/747/747 1161/1161/1161 739/739/739
f 747/747/747 748/748/748 1161/1161/1161
f 1161/1161/1161 748/748/748 1147/1147/1147
f 1169/1169/1169 1147/1147/1147 748/748/748
f 1169/1169/1169 748/748/748 750/750/750
f 698/698/698 1169/1169/1169 750/750/750
f 1169/1169/1169 698/698/698 1127/1127/1127
f 1145/1145/1145 1169/1169/1169 1127/1127/1127
f 1169/1169/1169 1145/1145/1145 1147/1147/1147
f 1140/1140/1140 1145/1145/1145 1127/1127/1127
f 751/751/751 745/745/745 1168/1168/1168
f 751/751/751 1168/1168/1168 1170/1170/1170
f 751/751/751 1170/1170/1170 1171/1171/1171
f 751/751/751 1171/1171/1171 754/754/754
f 755/755/755 754/754/754 1171/1171/1171
f 755/755/755 1171/1171/1171 1172/1172/1172
f 1173/1173/1173 1171/1171/1171 1170/1170/1170
f 1172/1172/1172 1171/1171/1171 1173/1173/1173
f 1173/1173/1173 1170/1170/1170 1174/1174/1174
f 1168/1168/1168 1174/1174/1174 1170/1170/1170
f 1174/1174/1174 1175/1175/1175 1173/1173/1173
f 1175/1175/1175 1176/1176/1176 1173/1173/1173
f 1172/1172/1172 1173/1173/1173 1176/1176/1176
f 1175/1175/1175 1177/1177/1177 1176/1176/1176
f 1177/1177/1177 1178/1178/1178 1176/1176/1176
f 1177/1177/1177 1179/1179/1179 1178/1178/1178
f 1174/1174/1174 1180/1180/1180 1175/1175/1175
f 1179/1179/1179 1177/1177/1177 1181/1181/1181
f 1179/1179/1179 1181/1181/1181 1182/1182/1182
f 1172/1172/1172 767/767/767 755/755/755
f 1172/1172/1172 1183/1183/1183 767/767/767
f 1176/1176/1176 1183/1183/1183 1172/1172/1172
f 1176/1176/1176 1178/1178/1178 1183/1183/1183
f 1184/1184/1184 1177/1177/1177 1175/1175/1175
f 1184/1184/1184 1181/1181/1181 1177/1177/1177
f 1180/1180/1180 1185/1185/1185 1175/1175/1175
f 1175/1175/1175 1185/1185/1185 1184/1184/1184
f 1185/1185/1185 1180/1180/1180 1186/1186/1186
f 1185/1185/1185 1186/1186/1186 1187/1187/1187
f 1187/1187/1187 1186/1186/1186 1047/1047/1047
f 1187/1187/1187 1047/1047/1047 1188/1188/1188
f 1188/1188/1188 1189/1189/1189 1187/1187/1187
f 1188/1188/1188 1190/1190/1190 1189/1189/1189
f 1181/1181/1181 1184/1184/1184 1191/1191/1191
f 1191/1191/1191 1184/1184/1184 1185/1185/1185
f 1181/1181/1181 1191/1191/1191 1192/1192/1192
f 1191/1191/1191 1185/1185/1185 1193/1193/1193
f 1187/1187/1187 1193/1193/1193 1185/1185/1185
f 1187/1187/1187 1189/1189/1189 1193/1193/1193
f 1189/1189/1189 1194/1194/1194 1193/1193/1193
f 1189/1189/1189 1195/1195/1195 1194/1194/1194
f 1195/1195/1195 1189/1189/1189 1190/1190/1190
f 1193/1193/1193 1196/1196/1196 1191/1191/1191
f 1193/1193/1193 1194/1194/1194 1196/1196/1196
f 1192/1192/1192 1191/1191/1191 1196/1196/1196
f 1194/1194/1194 1195/1195/1195 1197/1197/1197
f 1195/1195/1195 1198/1198/1198 1197/1197/1197
f 1199/1199/1199 1197/1197/1197 1198/1198/1198
f 1198/1198/1198 1200/1200/1200 1199/1199/1199
f 1198/1198/1198 1201/1201/1201 1200/1200/1200
f 1199/1199/1199 1200/1200/1200 1202/1202/1202
f 1199/1199/1199 1202/1202/1202 1203/1203/1203
f 789/789/789 1203/1203/1203 1202/1202/1202
f 789/789/789 1202/1202/1202 790/790/790
f 791/791/791 1203/1203/1203 789/789/789
f 791/791/791 1204/1204/1204 1203/1203/1203
f 1204/1204/1204 1199/1199/1199 1203/1203/1203
f 791/791/791 1205/1205/1205 1204/1204/1204
f 791/791/791 794/794/794 1205/1205/1205
f 1206/1206/1206 1205/1205/1205 794/794/794
f 1206/1206/1206 794/794/794 796/796/796
f 1207/1207/1207 1205/1205/1205 1206/1206/1206
f 1207/1207/1207 1208/1208/1208 1205/1205/1205
f 1208/1208/1208 1204/1204/1204 1205/1205/1205
f 1209/1209/1209 1206/1206/1206 796/796/796
f 1209/1209/1209 796/796/796 800/800/800
f 1209/1209/1209 800/800/800 801/801/801
f 1209/1209/1209 801/801/801 1210/1210/1210
f 1208/1208/1208 1211/1211/1211 1204/1204/1204
f 1211/1211/1211 1208/1208/1208 1212/1212/1212
f 1208/1208/1208 1207/1207/1207 1212/1212/1212
f 1211/1211/1211 1212/1212/1212 1197/1197/1197
f 1199/1199/1199 1211/1211/1211 1197/1197/1197
f 1204/1204/1204 1211/1211/1211 1199/1199/1199
f 1212/1212/1212 1207/1207/1207 1213/1213/1213
f 1207/1207/1207 1214/1214/1214 1213/1213/1213
f 1207/1207/1207 1215/1215/1215 1214/1214/1214
f 1206/1206/1206 1215/1215/1215 1207/1207/1207
f 1206/1206/1206 1209/1209/1209 1215/1215/1215
f 1210/1210/1210 1215/1215/1215 1209/1209/1209
f 1215/1215/1215 1216/1216/1216 1214/1214/1214
f 1215/1215/1215 1217/1217/1217 1216/1216/1216
f 1210/1210/1210 1217/1217/1217 1215/1215/1215
f 1218/1218/1218 1214/1214/1214 1216/1216/1216
f 1218/1218/1218 1219/1219/1219 1214/1214/1214
f 1219/1219/1219 1196/1196/1196 1214/1214/1214
f 1214/1214/1214 1196/1196/1196 1213/1213/1213
f 1194/1194/1194 1197/1197/1197 1212/1212/1212
f 1196/1196/1196 1194/1194/1194 1213/1213/1213
f 1213/1213/1213 1194/1194/1194 1212/1212/1212
f 1192/1192/1192 1196/1196/1196 1219/1219/1219
f 1219/1219/1219 1218/1218/1218 1220/1220/1220
f 1192/1192/1192 1219/1219/1219 1220/1220/1220
f 1192/1192/1192 1220/1220/1220 1181/1181/1181
f 1181/1181/1181 1220/1220/1220 1182/1182/1182
f 1221/1221/1221 1222/1222/1222 1223/1223/1223
f 1223/1223/1223 1224/1224/1224 1221/1221/1221
f 1222/1222/1222 1225/1225/1225 1223/1223/1223
f 1225/1225/1225 1226/1226/1226 1223/1223/1223
f 1225/1225/1225 1222/1222/1222 1227/1227/1227
f 1227/1227/1227 1228/1228/1228 1225/1225/1225
f 1229/1229/1229 1225/1225/1225 1228/1228/1228
f 1226/1226/1226 1225/1225/1225 1229/1229/1229
f 1228/1228/1228 1230/1230/1230 1229/1229/1229
f 1229/1229/1229 1230/1230/1230 1231/1231/1231
f 1230/1230/1230 1228/1228/1228 1232/1232/1232
f 1232/1232/1232 1228/1228/1228 1227/1227/1227
f 1230/1230/1230 1232/1232/1232 1233/1233/1233
f 1234/1234/1234 1230/1230/1230 1233/1233/1233
f 1230/1230/1230 1234/1234/1234 1231/1231/1231
f 1234/1234/1234 1233/1233/1233 1235/1235/1235
f 1234/1234/1234 1135/1135/1135 1231/1231/1231
f 1223/1223/1223 1226/1226/1226 1236/1236/1236
f 1236/1236/1236 1237/1237/1237 1223/1223/1223
f 1237/1237/1237 1224/1224/1224 1223/1223/1223
f 1136/1136/1136 1135/1135/1135 1234/1234/1234
f 1093/1093/1093 1237/1237/1237 1236/1236/1236
f 1238/1238/1238 1237/1237/1237 1093/1093/1093
f 1092/1092/1092 1238/1238/1238 1093/1093/1093
f 1239/1239/1239 1238/1238/1238 1092/1092/1092
f 1088/1088/1088 1239/1239/1239 1092/1092/1092
f 1076/1076/1076 1239/1239/1239 1088/1088/1088
f 1072/1072/1072 1076/1076/1076 1088/1088/1088
f 1088/1088/1088 1073/1073/1073 1072/1072/1072
f 1076/1076/1076 1081/1081/1081 1239/1239/1239
f 1081/1081/1081 1240/1240/1240 1239/1239/1239
f 1238/1238/1238 1240/1240/1240 1237/1237/1237
f 1238/1238/1238 1239/1239/1239 1240/1240/1240
f 1237/1237/1237 1240/1240/1240 1224/1224/1224
f 1241/1241/1241 1240/1240/1240 1081/1081/1081
f 1241/1241/1241 1224/1224/1224 1240/1240/1240
f 1081/1081/1081 1079/1079/1079 1241/1241/1241
f 1079/1079/1079 1242/1242/1242 1241/1241/1241
f 1243/1243/1243 1241/1241/1241 1242/1242/1242
f 1241/1241/1241 1243/1243/1243 1224/1224/1224
f 1243/1243/1243 1242/1242/1242 1244/1244/1244
f 1245/1245/1245 1244/1244/1244 1242/1242/1242
f 1245/1245/1245 1242/1242/1242 1246/1246/1246
f 1080/1080/1080 1246/1246/1246 1242/1242/1242
f 1079/1079/1079 1080/1080/1080 1242/1242/1242
f 1246/1246/1246 1080/1080/1080 1084/1084/1084
f 1246/1246/1246 1084/1084/1084 1247/1247/1247
f 1246/1246/1246 1247/1247/1247 1248/1248/1248
f 1246/1246/1246 1248/1248/1248 1245/1245/1245
f 1247/1247/1247 1249/1249/1249 1248/1248/1248
f 1250/1250/1250 1247/1247/1247 1084/1084/1084
f 1250/1250/1250 1249/1249/1249 1247/1247/1247
f 1249/1249/1249 1250/1250/1250 1251/1251/1251
f 1250/1250/1250 1084/1084/1084 1252/1252/1252
f 1084/1084/1084 1036/1036/1036 1252/1252/1252
f 1082/1082/1082 1036/1036/1036 1084/1084/1084
f 1082/1082/1082 1083/1083/1083 1036/1036/1036
f 1036/1036/1036 1083/1083/1083 1035/1035/1035
f 1083/1083/1083 1052/1052/1052 1035/1035/1035
f 1035/1035/1035 1052/1052/1052 1046/1046/1046
f 1083/1083/1083 1085/1085/1085 1052/1052/1052
f 1052/1052/1052 1085/1085/1085 1054/1054/1054
f 1036/1036/1036 1027/1027/1027 1252/1252/1252
f 1027/1027/1027 1026/1026/1026 1252/1252/1252
f 1252/1252/1252 1042/1042/1042 1250/1250/1250
f 1252/1252/1252 1026/1026/1026 1042/1042/1042
f 1250/1250/1250 1044/1044/1044 1251/1251/1251
f 1250/1250/1250 1042/1042/1042 1044/1044/1044
f 1094/1094/1094 1236/1236/1236 1108/1108/1108
f 1093/1093/1093 1236/1236/1236 1094/1094/1094
f 1108/1108/1108 1236/1236/1236 1226/1226/1226
f 1108/1108/1108 1226/1226/1226 1124/1124/1124
f 1226/1226/1226 1229/1229/1229 1124/1124/1124
f 1120/1120/1120 1124/1124/1124 1229/1229/1229
f 1120/1120/1120 1229/1229/1229 1231/1231/1231
f 1120/1120/1120 1231/1231/1231 1135/1135/1135
f 1120/1120/1120 1135/1135/1135 1121/1121/1121
f 1121/1121/1121 1135/1135/1135 1129/1129/1129
f 1108/1108/1108 1124/1124/1124 1107/1107/1107
f 1253/1253/1253 1254/1254/1254 1255/1255/1255
f 1253/1253/1253 1256/1256/1256 1254/1254/1254
f 1257/1257/1257 1253/1253/1253 1255/1255/1255
f 1257/1257/1257 1258/1258/1258 1253/1253/1253
f 1259/1259/1259 1258/1258/1258 1257/1257/1257
f 1259/1259/1259 1260/1260/1260 1258/1258/1258
f 1261/1261/1261 1260/1260/1260 1259/1259/1259
f 1261/1261/1261 1259/1259/1259 1262/1262/1262
f 1262/1262/1262 1263/1263/1263 1261/1261/1261
f 1262/1262/1262 1264/1264/1264 1263/1263/1263
f 1256/1256/1256 1265/1265/1265 1254/1254/1254
f 1256/1256/1256 1266/1266/1266 1265/1265/1265
f 1266/1266/1266 1267/1267/1267 1265/1265/1265
f 1266/1266/1266 1268/1268/1268 1267/1267/1267
f 1269/1269/1269 1267/1267/1267 1268/1268/1268
f 1269/1269/1269 1268/1268/1268 1270/1270/1270
f 1271/1271/1271 1269/1269/1269 1270/1270/1270
f 1271/1271/1271 1270/1270/1270 1272/1272/1272
f 1273/1273/1273 1271/1271/1271 1272/1272/1272
f 1273/1273/1273 1272/1272/1272 1274/1274/1274
f 1264/1264/1264 1275/1275/1275 1263/1263/1263
f 1264/1264/1264 1276/1276/1276 1275/1275/1275
f 1277/1277/1277 1275/1275/1275 1276/1276/1276
f 1277/1277/1277 1276/1276/1276 1278/1278/1278
f 1279/1279/1279 1277/1277/1277 1278/1278/1278
f 1279/1279/1279 1278/1278/1278 1280/1280/1280
f 1279/1279/1279 1280/1280/1280 1281/1281/1281
f 1279/1279/1279 1281/1281/1281 1282/1282/1282
f 1283/1283/1283 1282/1282/1282 1281/1281/1281
f 1283/1283/1283 1284/1284/1284 1282/1282/1282
f 1284/1284/1284 1283/1283/1283 1285/1285/1285
f 1284/1284/1284 1285/1285/1285 1286/1286/1286
f 1286/1286/1286 1285/1285/1285 1287/1287/1287
f 1286/1286/1286 1287/1287/1287 1288/1288/1288
f 1288/1288/1288 1287/1287/1287 1289/1289/1289
f 1288/1288/1288 1289/1289/1289 1290/1290/1290
f 1290/1290/1290 1289/1289/1289 1291/1291/1291
f 1290/1290/1290 1291/1291/1291 1292/1292/1292
f 1293/1293/1293 1292/1292/1292 1291/1291/1291
f 1293/1293/1293 1294/1294/1294 1292/1292/1292
f 1295/1295/1295 1294/1294/1294 1293/1293/1293
f 1295/1295/1295 1293/1293/1293 1296/1296/1296
f 1297/1297/1297 1295/1295/1295 1296/1296/1296
f 1297/1297/1297 1296/1296/1296 1298/1298/1298
f 1274/1274/1274 1297/1297/1297 1298/1298/1298
f 1274/1274/1274 1298/1298/1298 1273/1273/1273
f 1299/1299/1299 1300/1300/1300 1301/1301/1301
f 1299/1299/1299 1302/1302/1302 1300/1300/1300
f 1299/1299/1299 1301/1301/1301 1303/1303/1303
f 1299/1299/1299 1303/1303/1303 1304/1304/1304
f 1299/1299/1299 1304/1304/1304 1305/1305/1305
f 1299/1299/1299 1306/1306/1306 1302/1302/1302
f 1299/1299/1299 1305/1305/1305 1307/1307/1307
f 1299/1299/1299 1307/1307/1307 1308/1308/1308
f 1299/1299/1299 1308/1308/1308 1309/1309/1309
f 1299/1299/1299 1309/1309/1309 1306/1306/1306
f 1305/1305/1305 1310/1310/1310 1307/1307/1307
f 1308/1308/1308 1311/1311/1311 1309/1309/1309
f 1312/1312/1312 1309/1309/1309 1311/1311/1311
f 1309/1309/1309 1312/1312/1312 1313/1313/1313
f 1314/1314/1314 1309/1309/1309 1313/1313/1313
f 1306/1306/1306 1309/1309/1309 1314/1314/1314
f 1300/1300/1300 1302/1302/1302 1315/1315/1315
f 1302/1302/1302 1316/1316/1316 1315/1315/1315
f 1316/1316/1316 1302/1302/1302 1317/1317/1317
f 1306/1306/1306 1317/1317/1317 1302/1302/1302
f 1305/1305/1305 1318/1318/1318 1310/1310/1310
f 1318/1318/1318 1305/1305/1305 1319/1319/1319
f 1305/1305/1305 1304/1304/1304 1319/1319/1319
f 1320/1320/1320 1319/1319/1319 1304/1304/1304
f 1307/1307/1307 1310/1310/1310 1321/1321/1321
f 1321/1321/1321 1322/1322/1322 1307/1307/1307
f 1308/1308/1308 1307/1307/1307 1322/1322/1322
f 1322/1322/1322 1323/1323/1323 1308/1308/1308
f 1323/1323/1323 1311/1311/1311 1308/1308/1308
f 1324/1324/1324 1320/1320/1320 1304/1304/1304
f 1324/1324/1324 1304/1304/1304 1303/1303/1303
f 1303/1303/1303 1325/1325/1325 1324/1324/1324
f 1325/1325/1325 1303/1303/1303 1326/1326/1326
f 1326/1326/1326 1303/1303/1303 1301/1301/1301
f 1327/1327/1327 1326/1326/1326 1301/1301/1301
f 1327/1327/1327 1301/1301/1301 1328/1328/1328
f 1328/1328/1328 1301/1301/1301 1300/1300/1300
f 1329/1329/1329 1328/1328/1328 1300/1300/1300
f 1300/1300/1300 1330/1330/1330 1329/1329/1329
f 1315/1315/1315 1330/1330/1330 1300/1300/1300
f 1331/1331/1331 1332/1332/1332 1306/1306/1306
f 1314/1314/1314 1331/1331/1331 1306/1306/1306
f 1332/1332/1332 1317/1317/1317 1306/1306/1306
f 1245/1245/1245 1333/1333/1333 1334/1334/1334
f 1245/1245/1245 1334/1334/1334 1244/1244/1244
f 1334/1334/1334 1335/1335/1335 1244/1244/1244
f 1336/1336/1336 1335/1335/1335 1334/1334/1334
f 1337/1337/1337 1335/1335/1335 1336/1336/1336
f 1243/1243/1243 1335/1335/1335 1337/1337/1337
f 1335/1335/1335 1243/1243/1243 1244/1244/1244
f 1243/1243/1243 1337/1337/1337 1224/1224/1224
f 1224/1224/1224 1337/1337/1337 1221/1221/1221
f 1337/1337/1337 1338/1338/1338 1221/1221/1221
f 1337/1337/1337 1336/1336/1336 1338/1338/1338
f 1222/1222/1222 1221/1221/1221 1338/1338/1338
f 1338/1338/1338 1339/1339/1339 1222/1222/1222
f 1227/1227/1227 1222/1222/1222 1339/1339/1339
f 1339/1339/1339 1232/1232/1232 1227/1227/1227
f 1340/1340/1340 1232/1232/1232 1339/1339/1339
f 1233/1233/1233 1232/1232/1232 1340/1340/1340
f 1233/1233/1233 1340/1340/1340 1341/1341/1341
f 1233/1233/1233 1341/1341/1341 1342/1342/1342
f 1235/1235/1235 1233/1233/1233 1342/1342/1342
f 1343/1343/1343 1235/1235/1235 1342/1342/1342
f 1343/1343/1343 1342/1342/1342 1344/1344/1344
f 1345/1345/1345 1343/1343/1343 1344/1344/1344
f 1345/1345/1345 1134/1134/1134 1343/1343/1343
f 1136/1136/1136 1343/1343/1343 1134/1134/1134
f 1345/1345/1345 1133/1133/1133 1134/1134/1134
f 1346/1346/1346 1133/1133/1133 1345/1345/1345
f 1133/1133/1133 1346/1346/1346 1137/1137/1137
f 1346/1346/1346 1347/1347/1347 1137/1137/1137
f 1234/1234/1234 1343/1343/1343 1136/1136/1136
f 1234/1234/1234 1235/1235/1235 1343/1343/1343
f 1137/1137/1137 1347/1347/1347 1153/1153/1153
f 1137/1137/1137 1153/1153/1153 1139/1139/1139
f 1348/1348/1348 1032/1032/1032 1049/1049/1049
f 1049/1049/1049 1032/1032/1032 1034/1034/1034
f 1047/1047/1047 1032/1032/1032 1348/1348/1348
f 1188/1188/1188 1348/1348/1348 1049/1049/1049
f 1047/1047/1047 1348/1348/1348 1188/1188/1188
f 1349/1349/1349 1188/1188/1188 1049/1049/1049
f 1349/1349/1349 1049/1049/1049 1050/1050/1050
f 1050/1050/1050 1350/1350/1350 1349/1349/1349
f 1050/1050/1050 1058/1058/1058 1350/1350/1350
f 1058/1058/1058 1351/1351/1351 1350/1350/1350
f 1352/1352/1352 1350/1350/1350 1351/1351/1351
f 1352/1352/1352 1190/1190/1190 1350/1350/1350
f 1190/1190/1190 1188/1188/1188 1349/1349/1349
f 1190/1190/1190 1349/1349/1349 1350/1350/1350
f 1353/1353/1353 1352/1352/1352 1351/1351/1351
f 1353/1353/1353 1198/1198/1198 1352/1352/1352
f 1201/1201/1201 1198/1198/1198 1353/1353/1353
f 1195/1195/1195 1352/1352/1352 1198/1198/1198
f 1352/1352/1352 1195/1195/1195 1190/1190/1190
f 1353/1353/1353 1354/1354/1354 1201/1201/1201
f 1355/1355/1355 1201/1201/1201 1354/1354/1354
f 1355/1355/1355 1200/1200/1200 1201/1201/1201
f 1356/1356/1356 1200/1200/1200 1355/1355/1355
f 1356/1356/1356 1202/1202/1202 1200/1200/1200
f 949/949/949 1202/1202/1202 1356/1356/1356
f 949/949/949 790/790/790 1202/1202/1202
f 1353/1353/1353 1357/1357/1357 1354/1354/1354
f 951/951/951 949/949/949 1356/1356/1356
f 951/951/951 1356/1356/1356 1358/1358/1358
f 1358/1358/1358 1356/1356/1356 1355/1355/1355
f 1358/1358/1358 953/953/953 951/951/951
f 953/953/953 1358/1358/1358 1359/1359/1359
f 1358/1358/1358 1360/1360/1360 1359/1359/1359
f 1358/1358/1358 1355/1355/1355 1360/1360/1360
f 1360/1360/1360 1355/1355/1355 1354/1354/1354
f 1360/1360/1360 1361/1361/1361 1359/1359/1359
f 1362/1362/1362 1361/1361/1361 1360/1360/1360
f 1360/1360/1360 1354/1354/1354 1362/1362/1362
f 1362/1362/1362 1354/1354/1354 1357/1357/1357
f 1361/1361/1361 1362/1362/1362 1363/1363/1363
f 1363/1363/1363 1362/1362/1362 1364/1364/1364
f 1362/1362/1362 1357/1357/1357 1364/1364/1364
f 1364/1364/1364 1065/1065/1065 1363/1363/1363
f 1062/1062/1062 1065/1065/1065 1364/1364/1364
f 1364/1364/1364 1357/1357/1357 1365/1365/1365
f 1364/1364/1364 1365/1365/1365 1062/1062/1062
f 1060/1060/1060 1062/1062/1062 1365/1365/1365
f 1061/1061/1061 1060/1060/1060 1365/1365/1365
f 1061/1061/1061 1365/1365/1365 1366/1366/1366
f 1353/1353/1353 1366/1366/1366 1365/1365/1365
f 1357/1357/1357 1353/1353/1353 1365/1365/1365
f 1366/1366/1366 1058/1058/1058 1061/1061/1061
f 1366/1366/1366 1351/1351/1351 1058/1058/1058
f 1351/1351/1351 1366/1366/1366 1353/1353/1353
f 1040/1040/1040 1156/1156/1156 1045/1045/1045
f 1040/1040/1040 1155/1155/1155 1156/1156/1156
f 1040/1040/1040 1038/1038/1038 1155/1155/1155
f 1038/1038/1038 1154/1154/1154 1155/1155/1155
f 1154/1154/1154 1038/1038/1038 1037/1037/1037
f 1030/1030/1030 1154/1154/1154 1037/1037/1037
f 1030/1030/1030 1158/1158/1158 1154/1154/1154
f 1033/1033/1033 1158/1158/1158 1030/1030/1030
f 1033/1033/1033 1159/1159/1159 1158/1158/1158
f 1033/1033/1033 1048/1048/1048 1159/1159/1159
f 1048/1048/1048 1162/1162/1162 1159/1159/1159
f 1162/1162/1162 1048/1048/1048 1367/1367/1367
f 1367/1367/1367 1048/1048/1048 1186/1186/1186
f 1186/1186/1186 1180/1180/1180 1367/1367/1367
f 1367/1367/1367 1180/1180/1180 1174/1174/1174
f 1162/1162/1162 1367/1367/1367 1174/1174/1174
f 1168/1168/1168 1162/1162/1162 1174/1174/1174
f 1186/1186/1186 1048/1048/1048 1047/1047/1047
f 1248/1248/1248 1333/1333/1333 1245/1245/1245
f 1368/1368/1368 1003/1003/1003 1369/1369/1369
f 1002/1002/1002 1003/1003/1003 1368/1368/1368
f 1003/1003/1003 1007/1007/1007 1369/1369/1369
f 1370/1370/1370 1371/1371/1371 1372/1372/1372
f 1372/1372/1372 1371/1371/1371 1373/1373/1373
f 1373/1373/1373 1374/1374/1374 1372/1372/1372
f 1372/1372/1372 1374/1374/1374 1375/1375/1375
f 1376/1376/1376 1375/1375/1375 1374/1374/1374
f 1377/1377/1377 1375/1375/1375 1376/1376/1376
f 1377/1377/1377 1376/1376/1376 1378/1378/1378
f 1379/1379/1379 1377/1377/1377 1378/1378/1378
f 1379/1379/1379 1378/1378/1378 1380/1380/1380
f 1381/1381/1381 1379/1379/1379 1380/1380/1380
f 1381/1381/1381 1380/1380/1380 1382/1382/1382
f 1382/1382/1382 1383/1383/1383 1381/1381/1381
f 1384/1384/1384 1371/1371/1371 1370/1370/1370
f 1385/1385/1385 1384/1384/1384 1370/1370/1370
f 1386/1386/1386 1387/1387/1387 1388/1388/1388
f 1386/1386/1386 1389/1389/1389 1387/1387/1387
f 1390/1390/1390 1386/1386/1386 1388/1388/1388
f 1390/1390/1390 1388/1388/1388 1391/1391/1391
f 1392/1392/1392 1390/1390/1390 1391/1391/1391
f 1392/1392/1392 1391/1391/1391 1393/1393/1393
f 1394/1394/1394 1392/1392/1392 1393/1393/1393
f 1394/1394/1394 1393/1393/1393 1395/1395/1395
f 1387/1387/1387 1389/1389/1389 1396/1396/1396
f 1387/1387/1387 1396/1396/1396 1397/1397/1397
f 1397/1397/1397 1396/1396/1396 1398/1398/1398
f 1397/1397/1397 1398/1398/1398 1399/1399/1399
f 1398/1398/1398 1400/1400/1400 1399/1399/1399
f 1398/1398/1398 1401/1401/1401 1400/1400/1400
f 1401/1401/1401 1402/1402/1402 1400/1400/1400
f 1401/1401/1401 1403/1403/1403 1402/1402/1402
f 1403/1403/1403 1404/1404/1404 1402/1402/1402
f 1403/1403/1403 1405/1405/1405 1404/1404/1404
f 1405/1405/1405 1406/1406/1406 1404/1404/1404
f 1405/1405/1405 1407/1407/1407 1406/1406/1406
f 1407/1407/1407 1408/1408/1408 1406/1406/1406
f 1407/1407/1407 1409/1409/1409 1408/1408/1408
f 1409/1409/1409 1410/1410/1410 1408/1408/1408
f 1409/1409/1409 1411/1411/1411 1410/1410/1410
f 1410/1410/1410 1411/1411/1411 1412/1412/1412
f 1413/1413/1413 1395/1395/1395 1414/1414/1414
f 1394/1394/1394 1395/1395/1395 1413/1413/1413
f 1415/1415/1415 1416/1416/1416 1417/1417/1417
f 1415/1415/1415 1418/1418/1418 1416/1416/1416
f 1417/1417/1417 1416/1416/1416 1419/1419/1419
f 1417/1417/1417 1419/1419/1419 1420/1420/1420
f 1420/1420/1420 1419/1419/1419 1421/1421/1421
f 1421/1421/1421 1419/1419/1419 1422/1422/1422
f 1421/1421/1421 1422/1422/1422 1423/1423/1423
f 1423/1423/1423 1422/1422/1422 1424/1424/1424
f 1425/1425/1425 1423/1423/1423 1424/1424/1424
f 1426/1426/1426 1418/1418/1418 1415/1415/1415
f 1426/1426/1426 1427/1427/1427 1418/1418/1418
f 1428/1428/1428 1427/1427/1427 1426/1426/1426
f 1425/1425/1425 1424/1424/1424 1429/1429/1429
f 1424/1424/1424 1430/1430/1430 1429/1429/1429
f 1429/1429/1429 1430/1430/1430 1431/1431/1431
f 1432/1432/1432 1431/1431/1431 1430/1430/1430
f 1432/1432/1432 1430/1430/1430 1433/1433/1433
f 1434/1434/1434 1432/1432/1432 1433/1433/1433
